"id","defor","biodiv","defor_enforce","biodiv_enforce","Agreement","Date.of.signature","Entry.into.Force","agree_dev","enviro_rta","enviro_enforce_rta","parties","ESP","NOR","CHE","ISL","LIE","SLV","CRI","HND","NIC","GTM","PYF","BLZ","HTI","LAO","KOR","IND","LKA","BGD","AUS","PNG","SYR","KIR","MHL","SLB","FJI","NZL","URY","PER","MEX","COL","VEN","ECU","CHL","CUB","ARG","ISR","USA","PAK","THA","TUR","IRN","VNM","BRN","PHL","SGP","MMR","MYS","IDN","CAN","EGY","LBY","DJI","MDG","RWA","ZMB","MUS","SWZ","FRO","MDV","BTN","NPL","PSE","AND","TUN","KGZ","KAZ","BLR","TJK","RUS","MDA","UKR","UZB","TKM","AZE","CMR","TCD","BEN","CIV","MAR","TZA","ZAF","MKD","ARM","GEO","JOR","JPN","LBN","BIH","CHN","MAC","HKG","AGO","LSO","PAN","CPV","DZA","BHR","QAT","OMN","IRQ","ALB","SRB","MNE","NIU","DOM","BRB","TWN","SMR","AFG","MNG","tropical_any","template","forest_total","forest_total_percent","land_total","max_biodiver","avg_biodiver","tropical_N","template_any","template_N","Africa_any","Africa_N","NAm_any","NAm_N","LatAm_any","LatAm_N","Eur_any","Eur_N","ESEAsia_any","ESEAsia_N","CAsia_any","CAsia_N","AusAsia_any","AusAsia_N","entry_sq","sig_sq","agree_dev_Developed-Developing","agree_dev_Developing-Developing","predicted_prob"
98,0,0,0,0,"US - Australia",2004,2005,"Developed-Developed",0,0,2,0,0,0,0,0,0,0,0,0,0,0,0,0,0,0,0,0,0,1,0,0,0,0,0,0,0,0,0,0,0,0,0,0,0,0,0,1,0,0,0,0,0,0,0,0,0,0,0,0,0,0,0,0,0,0,0,0,0,0,0,0,0,0,0,0,0,0,0,0,0,0,0,0,0,0,0,0,0,0,0,0,0,0,0,0,0,0,0,0,0,0,0,0,0,0,0,0,0,0,0,0,0,0,0,0,0,0,0,0,0,1,0,3808759.77,0.22611671956315,16844220,0.853,0.765,1,0,0,0,0,1,1,0,0,0,0,0,0,0,0,1,1,4020025,4016016,0,0,0.0688626137444294
99,0,0,0,0,"Thailand - Australia",2004,2005,"Developed-Developing",0,0,2,0,0,0,0,0,0,0,0,0,0,0,0,0,0,0,0,0,0,1,0,0,0,0,0,0,0,0,0,0,0,0,0,0,0,0,0,0,0,1,0,0,0,0,0,0,0,0,0,0,0,0,0,0,0,0,0,0,0,0,0,0,0,0,0,0,0,0,0,0,0,0,0,0,0,0,0,0,0,0,0,0,0,0,0,0,0,0,0,0,0,0,0,0,0,0,0,0,0,0,0,0,0,0,0,0,0,0,0,0,0,1,0,878306.14,0.107199532782713,8193190,0.853,0.7615,2,0,0,0,0,0,0,0,0,0,0,1,1,0,0,1,1,4020025,4016016,1,0,0.0438453650313508
101,0,0,0,0,"Japan - Mexico",2004,2005,"Developed-Developing",0,0,2,0,0,0,0,0,0,0,0,0,0,0,0,0,0,0,0,0,0,0,0,0,0,0,0,0,0,0,0,1,0,0,0,0,0,0,0,0,0,0,0,0,0,0,0,0,0,0,0,0,0,0,0,0,0,0,0,0,0,0,0,0,0,0,0,0,0,0,0,0,0,0,0,0,0,0,0,0,0,0,0,0,0,0,0,0,1,0,0,0,0,0,0,0,0,0,0,0,0,0,0,0,0,0,0,0,0,0,0,0,0,1,0,909927.49,0.394172492365007,2308450,0.928,0.783,1,0,0,0,0,0,0,1,1,0,0,1,1,0,0,0,0,4020025,4016016,1,0,0.20744646675212
102,0,0,0,0,"EFTA - Tunisia",2004,2005,"Developed-Developing",0,0,5,0,1,1,1,1,0,0,0,0,0,0,0,0,0,0,0,0,0,0,0,0,0,0,0,0,0,0,0,0,0,0,0,0,0,0,0,0,0,0,0,0,0,0,0,0,0,0,0,0,0,0,0,0,0,0,0,0,0,0,0,0,0,0,1,0,0,0,0,0,0,0,0,0,0,0,0,0,0,0,0,0,0,0,0,0,0,0,0,0,0,0,0,0,0,0,0,0,0,0,0,0,0,0,0,0,0,0,0,0,0,0,0,147511.32,0.22331996039592,660538,0.497,0.400666666666667,0,0,0,1,1,0,0,0,0,1,2,0,0,0,0,0,0,4020025,4016016,1,0,0.0261242103949033
104,0,0,0,0,"Turkey - Palestinian Authority",2004,2005,"Developing-Developing",0,0,2,0,0,0,0,0,0,0,0,0,0,0,0,0,0,0,0,0,0,0,0,0,0,0,0,0,0,0,0,0,0,0,0,0,0,0,0,0,0,0,1,0,0,0,0,0,0,0,0,0,0,0,0,0,0,0,0,0,0,0,0,0,1,0,0,0,0,0,0,0,0,0,0,0,0,0,0,0,0,0,0,0,0,0,0,0,0,0,0,0,0,0,0,0,0,0,0,0,0,0,0,0,0,0,0,0,0,0,0,0,0,0,0,129089.33,0.166427293237929,775650,0.572,0.572,0,0,0,0,0,0,0,0,0,0,0,0,0,1,1,0,0,4020025,4016016,0,1,0.00949674421811544
105,0,0,0,0,"Turkey - Tunisia",2004,2005,"Developing-Developing",0,0,2,0,0,0,0,0,0,0,0,0,0,0,0,0,0,0,0,0,0,0,0,0,0,0,0,0,0,0,0,0,0,0,0,0,0,0,0,0,0,0,1,0,0,0,0,0,0,0,0,0,0,0,0,0,0,0,0,0,0,0,0,0,0,0,1,0,0,0,0,0,0,0,0,0,0,0,0,0,0,0,0,0,0,0,0,0,0,0,0,0,0,0,0,0,0,0,0,0,0,0,0,0,0,0,0,0,0,0,0,0,0,0,0,131954.07,0.142654590860442,924990,0.572,0.49,0,0,0,1,1,0,0,0,0,0,0,0,0,1,1,0,0,4020025,4016016,0,1,0.00900004372274317
106,0,0,0,0,"ASEAN - China",2004,2005,"Developed-Developing",0,0,11,0,0,0,0,0,0,0,0,0,0,0,0,0,1,0,0,0,0,0,0,0,0,0,0,0,0,0,0,0,0,0,0,0,0,0,0,0,0,1,0,0,1,1,1,1,1,1,1,0,0,0,0,0,0,0,0,0,0,0,0,0,0,0,0,0,0,0,0,0,0,0,0,0,0,0,0,0,0,0,0,0,0,0,0,0,0,0,0,1,0,0,0,0,0,0,0,0,0,0,0,0,0,0,0,0,0,0,0,0,0,1,0,5193916.9,0.375888971013894,13817689,1,0.7374,10,0,0,0,0,0,0,0,0,0,0,1,10,0,0,0,0,4020025,4016016,1,0,0.0614300602463665
107,0,0,0,0,"Thailand - New Zealand",2005,2005,"Developed-Developing",0,0,2,0,0,0,0,0,0,0,0,0,0,0,0,0,0,0,0,0,0,0,0,0,0,0,0,0,1,0,0,0,0,0,0,0,0,0,0,0,0,1,0,0,0,0,0,0,0,0,0,0,0,0,0,0,0,0,0,0,0,0,0,0,0,0,0,0,0,0,0,0,0,0,0,0,0,0,0,0,0,0,0,0,0,0,0,0,0,0,0,0,0,0,0,0,0,0,0,0,0,0,0,0,0,0,0,0,0,0,0,0,0,1,0,334964.16,0.432658434513046,774200,0.67,0.595,1,0,0,0,0,0,0,0,0,0,0,1,1,0,0,1,1,4020025,4020025,1,0,0.0947448431071179
108,0,0,0,0,"US - Morocco",2004,2006,"Developed-Developing",0,0,2,0,0,0,0,0,0,0,0,0,0,0,0,0,0,0,0,0,0,0,0,0,0,0,0,0,0,0,0,0,0,0,0,0,0,0,0,1,0,0,0,0,0,0,0,0,0,0,0,0,0,0,0,0,0,0,0,0,0,0,0,0,0,0,0,0,0,0,0,0,0,0,0,0,0,0,0,0,0,1,0,0,0,0,0,0,0,0,0,0,0,0,0,0,0,0,0,0,0,0,0,0,0,0,0,0,0,0,0,0,0,0,0,3160779.05,0.328966140450572,9608220,0.677,0.568,0,0,0,1,1,1,1,0,0,0,0,0,0,0,0,0,0,4024036,4016016,1,0,0.0542041277770413
109,0,0,0,0,"Turkey - Morocco",2004,2006,"Developing-Developing",0,0,2,0,0,0,0,0,0,0,0,0,0,0,0,0,0,0,0,0,0,0,0,0,0,0,0,0,0,0,0,0,0,0,0,0,0,0,0,0,0,0,1,0,0,0,0,0,0,0,0,0,0,0,0,0,0,0,0,0,0,0,0,0,0,0,0,0,0,0,0,0,0,0,0,0,0,0,0,0,0,1,0,0,0,0,0,0,0,0,0,0,0,0,0,0,0,0,0,0,0,0,0,0,0,0,0,0,0,0,0,0,0,0,0,140219.89,0.115319047971512,1215930,0.572,0.5155,0,0,0,1,1,0,0,0,0,0,0,0,0,1,1,0,0,4024036,4016016,0,1,0.00846065419805076
110,0,0,0,0,"Korea, Republic of - Singapore",2005,2006,"Developed-Developed",0,0,2,0,0,0,0,0,0,0,0,0,0,0,0,0,0,1,0,0,0,0,0,0,0,0,0,0,0,0,0,0,0,0,0,0,0,0,0,0,0,0,0,0,0,0,0,1,0,0,0,0,0,0,0,0,0,0,0,0,0,0,0,0,0,0,0,0,0,0,0,0,0,0,0,0,0,0,0,0,0,0,0,0,0,0,0,0,0,0,0,0,0,0,0,0,0,0,0,0,0,0,0,0,0,0,0,0,0,0,0,0,0,0,0,57774.72,0.59481849068259,97130,0.423,0.423,0,0,0,0,0,0,0,0,0,0,0,1,1,0,0,0,0,4024036,4020025,0,0,0.020562990625822
111,0,0,0,0,"Dominican Republic - Central America - USFTA (CAFTA - DR)",2004,2006,"Developed-Developing",0,0,6,0,0,0,0,0,1,1,1,1,1,0,0,0,0,0,0,0,0,0,0,0,0,0,0,0,0,0,0,0,0,0,0,0,0,0,0,1,0,0,0,0,0,0,0,0,0,0,0,0,0,0,0,0,0,0,0,0,0,0,0,0,0,0,0,0,0,0,0,0,0,0,0,0,0,0,0,0,0,0,0,0,0,0,0,0,0,0,0,0,0,0,0,0,0,0,0,0,0,0,0,0,0,0,0,0,0,0,0,0,0,1,0,3453000.57,0.360698642757981,9573090,0.82,0.692166666666667,5,0,0,0,0,1,1,1,5,0,0,0,0,0,0,0,0,4024036,4016016,1,0,0.109382780987085
112,0,0,0,0,"Jordan - Singapore",2004,2005,"Developed-Developing",0,0,2,0,0,0,0,0,0,0,0,0,0,0,0,0,0,0,0,0,0,0,0,0,0,0,0,0,0,0,0,0,0,0,0,0,0,0,0,0,0,0,0,0,0,0,0,1,0,0,0,0,0,0,0,0,0,0,0,0,0,0,0,0,0,0,0,0,0,0,0,0,0,0,0,0,0,0,0,0,0,0,0,0,0,0,0,1,0,0,0,0,0,0,0,0,0,0,0,0,0,0,0,0,0,0,0,0,0,0,0,0,0,0,0,38.38,0.000431672477786526,88910,0.468,0.468,0,0,0,0,0,0,0,0,0,0,0,0,0,1,1,0,0,4020025,4016016,1,0,0.00302108263333894
113,1,1,0,0,"Japan - Malaysia",2005,2006,"Developed-Developing",1,0,2,0,0,0,0,0,0,0,0,0,0,0,0,0,0,0,0,0,0,0,0,0,0,0,0,0,0,0,0,0,0,0,0,0,0,0,0,0,0,0,0,0,0,0,0,0,0,1,0,0,0,0,0,0,0,0,0,0,0,0,0,0,0,0,0,0,0,0,0,0,0,0,0,0,0,0,0,0,0,0,0,0,0,0,0,0,1,0,0,0,0,0,0,0,0,0,0,0,0,0,0,0,0,0,0,0,0,0,0,0,0,1,0,570633.36,0.823365356034918,693050,0.809,0.7235,1,0,0,0,0,0,0,0,0,0,0,1,2,0,0,0,0,4024036,4020025,1,0,0.801178999424081
114,1,1,1,1,"EU - Algeria",2002,2005,"Developed-Developing",1,1,29,1,0,0,0,0,0,0,0,0,0,0,0,0,0,0,0,0,0,0,0,0,0,0,0,0,0,0,0,0,0,0,0,0,0,0,0,0,0,0,0,0,0,0,0,0,0,0,0,0,0,0,0,0,0,0,0,0,0,0,0,0,0,0,0,0,0,0,0,0,0,0,0,0,0,0,0,0,0,0,0,0,0,0,0,0,0,0,0,0,0,0,0,0,0,0,1,0,0,0,0,0,0,0,0,0,0,0,0,0,0,0,0,1749739.15,0.264319508073201,6619788.16,0.589,0.43928,0,1,28,1,1,0,0,0,0,1,26,0,0,0,0,0,0,4020025,4008004,1,0,0.784362765087838
115,0,0,0,0,"EFTA - Korea, Republic of",2005,2006,"Developed-Developed",0,0,5,0,1,1,1,1,0,0,0,0,0,0,0,0,0,1,0,0,0,0,0,0,0,0,0,0,0,0,0,0,0,0,0,0,0,0,0,0,0,0,0,0,0,0,0,0,0,0,0,0,0,0,0,0,0,0,0,0,0,0,0,0,0,0,0,0,0,0,0,0,0,0,0,0,0,0,0,0,0,0,0,0,0,0,0,0,0,0,0,0,0,0,0,0,0,0,0,0,0,0,0,0,0,0,0,0,0,0,0,0,0,0,0,202421.3,0.336450323948953,601638,0.497,0.405666666666667,0,0,0,0,0,0,0,0,0,1,2,1,1,0,0,0,0,4024036,4020025,0,0,0.0602313433580305
116,0,0,0,0,"US - Bahrain",2005,2006,"Developed-Developed",0,0,2,0,0,0,0,0,0,0,0,0,0,0,0,0,0,0,0,0,0,0,0,0,0,0,0,0,0,0,0,0,0,0,0,0,0,0,0,1,0,0,0,0,0,0,0,0,0,0,0,0,0,0,0,0,0,0,0,0,0,0,0,0,0,0,0,0,0,0,0,0,0,0,0,0,0,0,0,0,0,0,0,0,0,0,0,0,0,0,0,0,0,0,0,0,0,0,0,1,0,0,0,0,0,0,0,0,0,0,0,0,0,0,0,3149648.49,0.34374939182309,9162630,0.677,0.677,0,0,0,0,0,1,1,0,0,0,0,0,0,0,0,0,0,4024036,4020025,0,0,0.0301769989015112
117,0,0,0,0,"EC (27) Enlargement",2005,2007,"Developed-Developed",0,0,28,1,0,0,0,0,0,0,0,0,0,0,0,0,0,0,0,0,0,0,0,0,0,0,0,0,0,0,0,0,0,0,0,0,0,0,0,0,0,0,0,0,0,0,0,0,0,0,0,0,0,0,0,0,0,0,0,0,0,0,0,0,0,0,0,0,0,0,0,0,0,0,0,0,0,0,0,0,0,0,0,0,0,0,0,0,0,0,0,0,0,0,0,0,0,0,0,0,0,0,0,0,0,0,0,0,0,0,0,0,0,0,0,1732834.55,0.408875615514478,4238048.16,0.589,0.44475,0,1,28,0,0,0,0,0,0,1,26,0,0,0,0,0,0,4028049,4020025,0,0,0.0814227350009374
119,0,0,0,0,"EFTA - Lebanon",2004,2007,"Developed-Developing",0,0,5,0,1,1,1,1,0,0,0,0,0,0,0,0,0,0,0,0,0,0,0,0,0,0,0,0,0,0,0,0,0,0,0,0,0,0,0,0,0,0,0,0,0,0,0,0,0,0,0,0,0,0,0,0,0,0,0,0,0,0,0,0,0,0,0,0,0,0,0,0,0,0,0,0,0,0,0,0,0,0,0,0,0,0,0,0,0,1,0,0,0,0,0,0,0,0,0,0,0,0,0,0,0,0,0,0,0,0,0,0,0,0,0,145591.08,0.282477338341663,515408,0.569,0.454333333333333,0,0,0,0,0,0,0,0,0,1,2,0,0,1,1,0,0,4028049,4016016,1,0,0.0313500123639084
120,0,0,0,0,"Turkey - Syria",2004,2007,"Developing-Developing",0,0,2,0,0,0,0,0,0,0,0,0,0,0,0,0,0,0,0,0,0,0,0,1,0,0,0,0,0,0,0,0,0,0,0,0,0,0,0,0,0,0,1,0,0,0,0,0,0,0,0,0,0,0,0,0,0,0,0,0,0,0,0,0,0,0,0,0,0,0,0,0,0,0,0,0,0,0,0,0,0,0,0,0,0,0,0,0,0,0,0,0,0,0,0,0,0,0,0,0,0,0,0,0,0,0,0,0,0,0,0,0,0,0,0,130562,0.136942134024187,953410,0.572,0.5205,0,0,0,0,0,0,0,0,0,0,0,0,0,1,2,0,0,4028049,4016016,0,1,0.00888457774592744
121,0,0,0,0,"EU - Albania",2006,2006,"Developed-Developing",0,0,29,1,0,0,0,0,0,0,0,0,0,0,0,0,0,0,0,0,0,0,0,0,0,0,0,0,0,0,0,0,0,0,0,0,0,0,0,0,0,0,0,0,0,0,0,0,0,0,0,0,0,0,0,0,0,0,0,0,0,0,0,0,0,0,0,0,0,0,0,0,0,0,0,0,0,0,0,0,0,0,0,0,0,0,0,0,0,0,0,0,0,0,0,0,0,0,0,0,0,0,0,1,0,0,0,0,0,0,0,0,0,0,0,1741223.67,0.408215879008596,4265448.16,0.589,0.4482,0,1,28,0,0,0,0,0,0,1,27,0,0,0,0,0,0,4024036,4024036,1,0,0.206535532277276
122,0,0,0,0,"Panama - Singapore",2006,2006,"Developed-Developing",0,0,2,0,0,0,0,0,0,0,0,0,0,0,0,0,0,0,0,0,0,0,0,0,0,0,0,0,0,0,0,0,0,0,0,0,0,0,0,0,0,0,0,0,0,0,0,1,0,0,0,0,0,0,0,0,0,0,0,0,0,0,0,0,0,0,0,0,0,0,0,0,0,0,0,0,0,0,0,0,0,0,0,0,0,0,0,0,0,0,0,0,0,0,0,0,1,0,0,0,0,0,0,0,0,0,0,0,0,0,0,0,0,1,0,59421.34,0.792178909478736,75010,0.793,0.793,1,0,0,0,0,0,0,1,1,0,0,0,0,0,0,0,0,4024036,4024036,1,0,0.10923401404517
123,0,0,0,0,"India - Singapore",2005,2005,"Developed-Developing",0,0,2,0,0,0,0,0,0,0,0,0,0,0,0,0,0,0,1,0,0,0,0,0,0,0,0,0,0,0,0,0,0,0,0,0,0,0,0,0,0,0,0,0,0,0,0,1,0,0,0,0,0,0,0,0,0,0,0,0,0,0,0,0,0,0,0,0,0,0,0,0,0,0,0,0,0,0,0,0,0,0,0,0,0,0,0,0,0,0,0,0,0,0,0,0,0,0,0,0,0,0,0,0,0,0,0,0,0,0,0,0,0,1,0,490910.5,0.165075188475584,2973860,0.732,0.732,1,0,0,0,0,0,0,0,0,0,0,0,0,1,1,0,0,4020025,4020025,1,0,0.00600030014239631
124,0,0,0,0,"Trans-Pacific Strategic Economic Partnership",2005,2006,"Developed-Developed",0,0,4,0,0,0,0,0,0,0,0,0,0,0,0,0,0,0,0,0,0,0,0,0,0,0,0,0,1,0,0,0,0,0,0,1,0,0,0,0,0,0,0,0,0,1,0,1,0,0,0,0,0,0,0,0,0,0,0,0,0,0,0,0,0,0,0,0,0,0,0,0,0,0,0,0,0,0,0,0,0,0,0,0,0,0,0,0,0,0,0,0,0,0,0,0,0,0,0,0,0,0,0,0,0,0,0,0,0,0,0,0,0,1,0,327506.37,0.323373016108106,1012782,0.777,0.622333333333333,2,0,0,0,0,0,0,1,1,0,0,1,1,0,0,1,1,4024036,4020025,0,0,0.0139487385193684
125,0,0,0,0,"Chile - China",2005,2006,"Developed-Developing",0,0,2,0,0,0,0,0,0,0,0,0,0,0,0,0,0,0,0,0,0,0,0,0,0,0,0,0,0,0,0,0,0,0,0,1,0,0,0,0,0,0,0,0,0,0,0,0,0,0,0,0,0,0,0,0,0,0,0,0,0,0,0,0,0,0,0,0,0,0,0,0,0,0,0,0,0,0,0,0,0,0,0,0,0,0,0,0,0,0,0,1,0,0,0,0,0,0,0,0,0,0,0,0,0,0,0,0,0,0,0,0,0,1,0,2096639.64,0.206195102550768,10168232,0.839,0.7045,2,0,0,0,0,0,0,1,1,0,0,1,1,0,0,0,0,4024036,4020025,1,0,0.12266424115387
127,0,0,0,0,"EFTA - Eqypt",2007,2007,"Developed-Developing",0,0,5,0,1,1,1,1,0,0,0,0,0,0,0,0,0,0,0,0,0,0,0,0,0,0,0,0,0,0,0,0,0,0,0,0,0,0,0,0,0,0,0,0,0,0,0,0,0,0,0,0,1,0,0,0,0,0,0,0,0,0,0,0,0,0,0,0,0,0,0,0,0,0,0,0,0,0,0,0,0,0,0,0,0,0,0,0,0,0,0,0,0,0,0,0,0,0,0,0,0,0,0,0,0,0,0,0,0,0,0,0,0,1,0,154166.73,0.102734808360233,1500628,0.497,0.373333333333333,1,1,1,1,1,0,0,0,0,1,2,0,0,0,0,0,0,4028049,4028049,1,0,0.11712129013507
128,0,0,0,0,"Central European FTA (CEFTA)",2006,2007,"Developing-Developing",0,0,6,0,0,0,0,0,0,0,0,0,0,0,0,0,0,0,0,0,0,0,0,0,0,0,0,0,0,0,0,0,0,0,0,0,0,0,0,0,0,0,0,0,0,0,0,0,0,0,0,0,0,0,0,0,0,0,0,0,0,0,0,0,0,0,0,0,0,0,0,0,1,0,0,0,0,0,0,0,0,0,0,0,1,0,0,0,0,0,1,0,0,0,0,0,0,0,0,0,0,0,0,1,1,1,0,0,0,0,0,0,0,0,0,67651.01,0.284463081322008,237820,0.532,0.5315,0,1,1,0,0,0,0,0,0,1,3,0,0,0,0,0,0,4028049,4024036,0,1,0.00771963561292744
129,0,0,0,0,"Chile - Japan",2007,2007,"Developed-Developed",0,0,2,0,0,0,0,0,0,0,0,0,0,0,0,0,0,0,0,0,0,0,0,0,0,0,0,0,0,0,0,0,0,0,0,1,0,0,0,0,0,0,0,0,0,0,0,0,0,0,0,0,0,0,0,0,0,0,0,0,0,0,0,0,0,0,0,0,0,0,0,0,0,0,0,0,0,0,0,0,0,0,0,0,0,0,0,0,1,0,0,0,0,0,0,0,0,0,0,0,0,0,0,0,0,0,0,0,0,0,0,0,0,1,0,479169.76,0.432451192745336,1108032,0.638,0.604,1,1,1,0,0,0,0,1,1,0,0,1,1,0,0,0,0,4028049,4028049,0,0,0.208021688005158
130,0,0,0,0,"Egypt - Turkey",2005,2007,"Developing-Developing",0,0,2,0,0,0,0,0,0,0,0,0,0,0,0,0,0,0,0,0,0,0,0,0,0,0,0,0,0,0,0,0,0,0,0,0,0,0,0,0,0,0,1,0,0,0,0,0,0,0,0,0,1,0,0,0,0,0,0,0,0,0,0,0,0,0,0,0,0,0,0,0,0,0,0,0,0,0,0,0,0,0,0,0,0,0,0,0,0,0,0,0,0,0,0,0,0,0,0,0,0,0,0,0,0,0,0,0,0,0,0,0,0,1,0,138609.48,0.078528723910531,1765080,0.572,0.449,1,1,1,1,1,0,0,0,0,0,0,0,0,1,1,0,0,4028049,4020025,0,1,0.0320298863724423
131,0,0,0,0,"Japan - Thailand",2007,2007,"Developed-Developing",0,0,2,0,0,0,0,0,0,0,0,0,0,0,0,0,0,0,0,0,0,0,0,0,0,0,0,0,0,0,0,0,0,0,0,0,0,0,0,0,0,1,0,0,0,0,0,0,0,0,0,0,0,0,0,0,0,0,0,0,0,0,0,0,0,0,0,0,0,0,0,0,0,0,0,0,0,0,0,0,0,0,0,0,0,0,0,0,1,0,0,0,0,0,0,0,0,0,0,0,0,0,0,0,0,0,0,0,0,0,0,0,0,1,0,491967.36,0.561997920926673,875390,0.67,0.654,1,1,1,0,0,0,0,0,0,0,0,1,2,0,0,0,0,4028049,4028049,1,0,0.301850041192873
132,0,0,0,0,"EU - Montenegro",2007,2008,"Developed-Developing",0,0,29,1,0,0,0,0,0,0,0,0,0,0,0,0,0,0,0,0,0,0,0,0,0,0,0,0,0,0,0,0,0,0,0,0,0,0,0,0,0,0,0,0,0,0,0,0,0,0,0,0,0,0,0,0,0,0,0,0,0,0,0,0,0,0,0,0,0,0,0,0,0,0,0,0,0,0,0,0,0,0,0,0,0,0,0,0,0,0,0,0,0,0,0,0,0,0,0,0,0,0,0,0,0,1,0,0,0,0,0,0,0,0,0,1732834.55,0.40758210042363,4251498.16,0.589,0.44475,0,1,28,0,0,0,0,0,0,1,26,0,0,0,0,0,0,4032064,4028049,1,0,0.244115117203759
133,0,0,0,0,"Pakistan - China",2006,2007,"Developing-Developing",0,0,2,0,0,0,0,0,0,0,0,0,0,0,0,0,0,0,0,0,0,0,0,0,0,0,0,0,0,0,0,0,0,0,0,0,0,0,0,0,1,0,0,0,0,0,0,0,0,0,0,0,0,0,0,0,0,0,0,0,0,0,0,0,0,0,0,0,0,0,0,0,0,0,0,0,0,0,0,0,0,0,0,0,0,0,0,0,0,0,0,1,0,0,0,0,0,0,0,0,0,0,0,0,0,0,0,0,0,0,0,0,0,1,0,1906541.87,0.186996901598536,10195580,0.839,0.667,2,0,0,0,0,0,0,0,0,0,0,1,1,1,1,0,0,4028049,4024036,0,1,0.0234396130351597
134,0,0,0,0,"Pakistan - Malaysia",2007,2008,"Developing-Developing",0,0,2,0,0,0,0,0,0,0,0,0,0,0,0,0,0,0,0,0,0,0,0,0,0,0,0,0,0,0,0,0,0,0,0,0,0,0,0,0,1,0,0,0,0,0,0,0,0,1,0,0,0,0,0,0,0,0,0,0,0,0,0,0,0,0,0,0,0,0,0,0,0,0,0,0,0,0,0,0,0,0,0,0,0,0,0,0,0,0,0,0,0,0,0,0,0,0,0,0,0,0,0,0,0,0,0,0,0,0,0,0,0,1,0,314160.35,0.285748387800951,1099430,0.809,0.652,2,1,1,0,0,0,0,0,0,0,0,1,1,1,1,0,0,4032064,4028049,0,1,0.116805479437831
135,0,0,0,0,"Panama - Chile",2006,2008,"Developed-Developing",0,0,2,0,0,0,0,0,0,0,0,0,0,0,0,0,0,0,0,0,0,0,0,0,0,0,0,0,0,0,0,0,0,0,0,1,0,0,0,0,0,0,0,0,0,0,0,0,0,0,0,0,0,0,0,0,0,0,0,0,0,0,0,0,0,0,0,0,0,0,0,0,0,0,0,0,0,0,0,0,0,0,0,0,0,0,0,0,0,0,0,0,0,0,0,0,1,0,0,0,0,0,0,0,0,0,0,0,0,0,0,0,0,1,0,265818.6,0.325012471389166,817872,0.793,0.6815,2,0,0,0,0,0,0,1,2,0,0,0,0,0,0,0,0,4032064,4024036,1,0,0.180487754886846
136,0,0,0,0,"South Asian FTA (SAFTA)",2004,2006,"Developing-Developing",0,0,7,0,0,0,0,0,0,0,0,0,0,0,0,0,0,0,1,1,1,0,0,0,0,0,0,0,0,0,0,0,0,0,0,0,0,0,0,0,1,0,0,0,0,0,0,0,0,0,0,0,0,0,0,0,0,0,0,0,0,1,1,1,0,0,0,0,0,0,0,0,0,0,0,0,0,0,0,0,0,0,0,0,0,0,0,0,0,0,0,0,0,0,0,0,0,0,0,0,0,0,0,0,0,0,0,0,0,0,0,0,0,1,0,659019.64,0.159940695078148,4120400,0.732,0.611666666666667,4,0,0,0,0,0,0,0,0,0,0,0,0,1,6,0,0,4024036,4016016,0,1,0.00359998035075
137,0,0,0,0,"Turkey - Albania",2006,2008,"Developing-Developing",0,0,2,0,0,0,0,0,0,0,0,0,0,0,0,0,0,0,0,0,0,0,0,0,0,0,0,0,0,0,0,0,0,0,0,0,0,0,0,0,0,0,1,0,0,0,0,0,0,0,0,0,0,0,0,0,0,0,0,0,0,0,0,0,0,0,0,0,0,0,0,0,0,0,0,0,0,0,0,0,0,0,0,0,0,0,0,0,0,0,0,0,0,0,0,0,0,0,0,0,0,0,0,1,0,0,0,0,0,0,0,0,0,0,0,137478.45,0.172488425780711,797030,0.572,0.5515,0,0,0,0,0,0,0,0,0,1,1,0,0,1,1,0,0,4032064,4024036,0,1,0.0147859498043429
138,0,0,0,0,"Pakistan - Sri Lanka",2002,2005,"Developing-Developing",0,0,2,0,0,0,0,0,0,0,0,0,0,0,0,0,0,0,0,1,0,0,0,0,0,0,0,0,0,0,0,0,0,0,0,0,0,0,0,0,1,0,0,0,0,0,0,0,0,0,0,0,0,0,0,0,0,0,0,0,0,0,0,0,0,0,0,0,0,0,0,0,0,0,0,0,0,0,0,0,0,0,0,0,0,0,0,0,0,0,0,0,0,0,0,0,0,0,0,0,0,0,0,0,0,0,0,0,0,0,0,0,0,1,0,58711.12,0.0704316510514762,833590,0.656,0.5755,2,0,0,0,0,0,0,0,0,0,0,0,0,1,2,0,0,4020025,4008004,0,1,0.00670486296068865
139,1,0,1,0,"Japan - Indonesia",2007,2008,"Developed-Developing",1,1,2,0,0,0,0,0,0,0,0,0,0,0,0,0,0,0,0,0,0,0,0,0,0,0,0,0,0,0,0,0,0,0,0,0,0,0,0,0,0,0,0,0,0,0,0,0,0,0,1,0,0,0,0,0,0,0,0,0,0,0,0,0,0,0,0,0,0,0,0,0,0,0,0,0,0,0,0,0,0,0,0,0,0,0,0,0,1,0,0,0,0,0,0,0,0,0,0,0,0,0,0,0,0,0,0,0,0,0,0,0,0,1,0,1923759.85,0.858047969263418,2242019,1,0.819,1,1,1,0,0,0,0,0,0,0,0,1,2,0,0,0,0,4032064,4028049,1,0,0.681553229738734
140,0,0,0,0,"India - Bhutan",2006,2006,"Developing-Developing",0,0,2,0,0,0,0,0,0,0,0,0,0,0,0,0,0,0,1,0,0,0,0,0,0,0,0,0,0,0,0,0,0,0,0,0,0,0,0,0,0,0,0,0,0,0,0,0,0,0,0,0,0,0,0,0,0,0,0,0,0,0,1,0,0,0,0,0,0,0,0,0,0,0,0,0,0,0,0,0,0,0,0,0,0,0,0,0,0,0,0,0,0,0,0,0,0,0,0,0,0,0,0,0,0,0,0,0,0,0,0,0,0,1,0,517702.23,0.171823414614718,3012990,0.732,0.6695,1,0,0,0,0,0,0,0,0,0,0,0,0,1,2,0,0,4024036,4024036,0,1,0.00569837300550058
142,0,0,0,0,"EU - Bosnia and Herzegovina",2008,2008,"Developed-Developing",0,0,29,1,0,0,0,0,0,0,0,0,0,0,0,0,0,0,0,0,0,0,0,0,0,0,0,0,0,0,0,0,0,0,0,0,0,0,0,0,0,0,0,0,0,0,0,0,0,0,0,0,0,0,0,0,0,0,0,0,0,0,0,0,0,0,0,0,0,0,0,0,0,0,0,0,0,0,0,0,0,0,0,0,0,0,0,0,0,0,1,0,0,0,0,0,0,0,0,0,0,0,0,0,0,0,0,0,0,0,0,0,0,0,0,1761832.56,0.410755567008275,4289248.16,0.589,0.44824,0,1,28,0,0,0,0,0,0,1,27,0,0,0,0,0,0,4032064,4032064,1,0,0.287844439148298
143,1,1,1,0,"Brunei Darussalam - Japan",2007,2008,"Developed-Developed",1,1,2,0,0,0,0,0,0,0,0,0,0,0,0,0,0,0,0,0,0,0,0,0,0,0,0,0,0,0,0,0,0,0,0,0,0,0,0,0,0,0,0,0,0,1,0,0,0,0,0,0,0,0,0,0,0,0,0,0,0,0,0,0,0,0,0,0,0,0,0,0,0,0,0,0,0,0,0,0,0,0,0,0,0,0,0,0,1,0,0,0,0,0,0,0,0,0,0,0,0,0,0,0,0,0,0,0,0,0,0,0,0,1,0,278112.31,0.752122427454904,369770,0.777,0.7075,1,1,1,0,0,0,0,0,0,0,0,1,2,0,0,0,0,4032064,4028049,0,0,0.376169601184597
145,0,0,0,0,"Ukraine - Belarus",1992,2006,"Developing-Developing",0,0,2,0,0,0,0,0,0,0,0,0,0,0,0,0,0,0,0,0,0,0,0,0,0,0,0,0,0,0,0,0,0,0,0,0,0,0,0,0,0,0,0,0,0,0,0,0,0,0,0,0,0,0,0,0,0,0,0,0,0,0,0,0,0,0,0,0,0,1,0,0,0,1,0,0,0,0,0,0,0,0,0,0,0,0,0,0,0,0,0,0,0,0,0,0,0,0,0,0,0,0,0,0,0,0,0,0,0,0,0,0,0,0,0,228255.04,0.291812354416657,782198,0.415,0.3915,0,0,0,0,0,0,0,0,0,1,2,0,0,0,0,0,0,4024036,3968064,0,1,0.000314814391389373
148,0,0,0,0,"Ukraine - Moldova",2003,2005,"Developing-Developing",0,0,2,0,0,0,0,0,0,0,0,0,0,0,0,0,0,0,0,0,0,0,0,0,0,0,0,0,0,0,0,0,0,0,0,0,0,0,0,0,0,0,0,0,0,0,0,0,0,0,0,0,0,0,0,0,0,0,0,0,0,0,0,0,0,0,0,0,0,0,0,0,1,1,0,0,0,0,0,0,0,0,0,0,0,0,0,0,0,0,0,0,0,0,0,0,0,0,0,0,0,0,0,0,0,0,0,0,0,0,0,0,0,0,0,131590.52,0.214936412786044,612230,0.415,0.415,0,0,0,0,0,0,0,0,0,1,1,0,0,0,0,0,0,4020025,4012009,0,1,0.00316633452486571
154,1,0,0,0,"EU - CARIFORUM States EPA",2008,2008,"Developed-Developing",1,0,41,1,0,0,0,0,0,0,0,0,0,0,1,0,0,0,0,0,0,0,0,0,0,0,0,0,0,0,0,0,0,0,0,0,0,0,0,0,0,0,0,0,0,0,0,0,0,0,0,0,0,0,0,0,0,0,0,0,0,0,0,0,0,0,0,0,0,0,0,0,0,0,0,0,0,0,0,0,0,0,0,0,0,0,0,0,0,0,0,0,0,0,0,0,0,0,0,0,0,0,0,0,0,0,0,1,1,0,0,0,0,1,0,2091977.93,0.445977686093955,4690768.16,0.685,0.468259259259259,3,1,39,0,0,1,2,1,1,1,26,0,0,0,0,0,0,4032064,4032064,1,0,0.784711113940309
155,0,0,0,0,"EFTA - SACU",2006,2008,"Developed-Developing",0,0,9,0,1,1,1,1,0,0,0,0,0,0,0,0,0,0,0,0,0,0,0,0,0,0,0,0,0,0,0,0,0,0,0,0,0,0,0,0,0,0,0,0,0,0,0,0,0,0,0,0,0,0,0,0,0,0,0,1,0,0,0,0,0,0,0,0,0,0,0,0,0,0,0,0,0,0,0,0,0,0,0,1,0,0,0,0,0,0,0,0,0,0,0,1,0,0,0,0,0,0,0,0,0,0,0,0,0,0,0,0,0,1,0,421331.39,0.133508137907783,3155848,0.714,0.521833333333333,4,1,2,1,4,0,0,0,0,1,2,0,0,0,0,0,0,4032064,4024036,1,0,0.118389459620197
156,1,0,1,0,"Japan - Philippines",2006,2008,"Developed-Developing",1,1,2,0,0,0,0,0,0,0,0,0,0,0,0,0,0,0,0,0,0,0,0,0,0,0,0,0,0,0,0,0,0,0,0,0,0,0,0,0,0,0,0,0,0,0,1,0,0,0,0,0,0,0,0,0,0,0,0,0,0,0,0,0,0,0,0,0,0,0,0,0,0,0,0,0,0,0,0,0,0,0,0,0,0,0,0,0,1,0,0,0,0,0,0,0,0,0,0,0,0,0,0,0,0,0,0,0,0,0,0,0,0,1,0,470757.72,0.710395400425551,662670,0.786,0.712,1,1,1,0,0,0,0,0,0,0,0,1,2,0,0,0,0,4032064,4024036,1,0,0.512514397949165
157,0,0,0,0,"EU - Cote d'Ivoire",2008,2009,"Developed-Developing",0,0,29,1,0,0,0,0,0,0,0,0,0,0,0,0,0,0,0,0,0,0,0,0,0,0,0,0,0,0,0,0,0,0,0,0,0,0,0,0,0,0,0,0,0,0,0,0,0,0,0,0,0,0,0,0,0,0,0,0,0,0,0,0,0,0,0,0,0,0,0,0,0,0,0,0,0,0,0,0,1,0,0,0,0,0,0,0,0,0,0,0,0,0,0,0,0,0,0,0,0,0,0,0,0,0,0,0,0,0,0,0,0,1,0,2042082.28,0.448213497374444,4556048.16,0.632,0.45224,1,1,29,1,1,0,0,0,0,1,26,0,0,0,0,0,0,4036081,4032064,1,0,0.21549583918203
158,0,0,0,0,"Chile - India",2006,2007,"Developed-Developing",0,0,2,0,0,0,0,0,0,0,0,0,0,0,0,0,0,0,1,0,0,0,0,0,0,0,0,0,0,0,0,0,0,0,0,1,0,0,0,0,0,0,0,0,0,0,0,0,0,0,0,0,0,0,0,0,0,0,0,0,0,0,0,0,0,0,0,0,0,0,0,0,0,0,0,0,0,0,0,0,0,0,0,0,0,0,0,0,0,0,0,0,0,0,0,0,0,0,0,0,0,0,0,0,0,0,0,0,0,0,0,0,0,1,0,697307.76,0.187613644496414,3716722,0.732,0.651,2,0,0,0,0,0,0,1,1,0,0,0,0,1,1,0,0,4028049,4024036,1,0,0.0395311616675289
159,0,0,0,0,"US - Oman",2006,2009,"Developed-Developed",0,0,2,0,0,0,0,0,0,0,0,0,0,0,0,0,0,0,0,0,0,0,0,0,0,0,0,0,0,0,0,0,0,0,0,0,0,0,0,1,0,0,0,0,0,0,0,0,0,0,0,0,0,0,0,0,0,0,0,0,0,0,0,0,0,0,0,0,0,0,0,0,0,0,0,0,0,0,0,0,0,0,0,0,0,0,0,0,0,0,0,0,0,0,0,0,0,0,0,0,0,1,0,0,0,0,0,0,0,0,0,0,0,1,0,3149660.75,0.332543668214481,9471420,0.677,0.5175,1,0,0,0,0,1,1,0,0,0,0,0,0,1,1,0,0,4036081,4024036,0,0,0.113409563977092
160,1,1,1,1,"US - Peru",2006,2009,"Developed-Developing",1,1,2,0,0,0,0,0,0,0,0,0,0,0,0,0,0,0,0,0,0,0,0,0,0,0,0,0,0,0,1,0,0,0,0,0,0,0,0,1,0,0,0,0,0,0,0,0,0,0,0,0,0,0,0,0,0,0,0,0,0,0,0,0,0,0,0,0,0,0,0,0,0,0,0,0,0,0,0,0,0,0,0,0,0,0,0,0,0,0,0,0,0,0,0,0,0,0,0,0,0,0,0,0,0,0,0,0,0,0,0,0,0,1,0,3940458.03,0.377369107405535,10441920,0.843,0.76,1,0,0,0,0,1,1,1,1,0,0,0,0,0,0,0,0,4036081,4024036,1,0,0.344754831690378
161,0,0,0,0,"Turkey - Georgia",2007,2008,"Developing-Developing",0,0,2,0,0,0,0,0,0,0,0,0,0,0,0,0,0,0,0,0,0,0,0,0,0,0,0,0,0,0,0,0,0,0,0,0,0,0,0,0,0,0,1,0,0,0,0,0,0,0,0,0,0,0,0,0,0,0,0,0,0,0,0,0,0,0,0,0,0,0,0,0,0,0,0,0,0,0,0,0,0,0,0,0,0,0,1,0,0,0,0,0,0,0,0,0,0,0,0,0,0,0,0,0,0,0,0,0,0,0,0,0,0,0,0,162782.2,0.193991562589379,839120,0.572,0.5625,0,0,0,0,0,0,0,0,0,0,0,0,0,1,2,0,0,4032064,4028049,0,1,0.0261124789204986
162,0,0,0,0,"China - Singapore",2008,2009,"Developed-Developing",0,0,2,0,0,0,0,0,0,0,0,0,0,0,0,0,0,0,0,0,0,0,0,0,0,0,0,0,0,0,0,0,0,0,0,0,0,0,0,0,0,0,0,0,0,0,0,1,0,0,0,0,0,0,0,0,0,0,0,0,0,0,0,0,0,0,0,0,0,0,0,0,0,0,0,0,0,0,0,0,0,0,0,0,0,0,0,0,0,0,0,1,0,0,0,0,0,0,0,0,0,0,0,0,0,0,0,0,0,0,0,0,0,1,0,1890242.38,0.200548347704122,9425370,0.839,0.839,1,1,1,0,0,0,0,0,0,0,0,1,1,0,0,0,0,4036081,4032064,1,0,0.0483385892613069
163,0,0,0,0,"Australia - Chile",2008,2009,"Developed-Developed",0,0,2,0,0,0,0,0,0,0,0,0,0,0,0,0,0,0,0,0,0,1,0,0,0,0,0,0,0,0,0,0,0,0,0,1,0,0,0,0,0,0,0,0,0,0,0,0,0,0,0,0,0,0,0,0,0,0,0,0,0,0,0,0,0,0,0,0,0,0,0,0,0,0,0,0,0,0,0,0,0,0,0,0,0,0,0,0,0,0,0,0,0,0,0,0,0,0,0,0,0,0,0,0,0,0,0,0,0,0,0,0,0,1,0,865508.54,0.102720839912308,8425832,0.853,0.7115,2,0,0,0,0,0,0,1,1,0,0,0,0,0,0,1,1,4036081,4032064,0,0,0.0829147474655695
164,0,0,0,0,"Panama - Costa Rica (Panama - Central America)",2007,2008,"Developing-Developing",0,0,2,0,0,0,0,0,0,1,0,0,0,0,0,0,0,0,0,0,0,0,0,0,0,0,0,0,0,0,0,0,0,0,0,0,0,0,0,0,0,0,0,0,0,0,0,0,0,0,0,0,0,0,0,0,0,0,0,0,0,0,0,0,0,0,0,0,0,0,0,0,0,0,0,0,0,0,0,0,0,0,0,0,0,0,0,0,0,0,0,0,0,0,0,0,1,0,0,0,0,0,0,0,0,0,0,0,0,0,0,0,0,1,0,100474.15,0.801229266347687,125400,0.82,0.8065,2,0,0,0,0,0,0,1,2,0,0,0,0,0,0,0,0,4032064,4028049,0,1,0.106646146886596
165,0,0,0,0,"China - New Zealand",2008,2008,"Developed-Developing",0,0,2,0,0,0,0,0,0,0,0,0,0,0,0,0,0,0,0,0,0,0,0,0,0,0,0,0,1,0,0,0,0,0,0,0,0,0,0,0,0,0,0,0,0,0,0,0,0,0,0,0,0,0,0,0,0,0,0,0,0,0,0,0,0,0,0,0,0,0,0,0,0,0,0,0,0,0,0,0,0,0,0,0,0,0,0,0,0,0,0,1,0,0,0,0,0,0,0,0,0,0,0,0,0,0,0,0,0,0,0,0,0,1,0,2006011.68,0.207061272645259,9688010,0.839,0.6795,1,0,0,0,0,0,0,0,0,0,0,1,1,0,0,1,1,4032064,4032064,1,0,0.211807345671661
166,0,1,0,0,"Nicaragua - Chinese Taipei",2006,2008,"Developed-Developing",1,0,2,0,0,0,0,0,0,0,0,1,0,0,0,0,0,0,0,0,0,0,0,0,0,0,0,0,0,0,0,0,0,0,0,0,0,0,0,0,0,0,0,0,0,0,0,0,0,0,0,0,0,0,0,0,0,0,0,0,0,0,0,0,0,0,0,0,0,0,0,0,0,0,0,0,0,0,0,0,0,0,0,0,0,0,0,0,0,0,0,0,0,0,0,0,0,0,0,0,0,0,0,0,0,0,0,0,0,1,0,0,0,1,0,83890.69,0.697113927206249,120340,0.643,0.643,1,0,0,0,0,0,0,1,1,0,0,0,0,0,0,0,0,4032064,4024036,1,0,0.479750046285076
168,0,0,0,0,"Peru - Singapore",2008,2009,"Developed-Developing",0,0,2,0,0,0,0,0,0,0,0,0,0,0,0,0,0,0,0,0,0,0,0,0,0,0,0,0,0,0,1,0,0,0,0,0,0,0,0,0,0,0,0,0,0,0,0,1,0,0,0,0,0,0,0,0,0,0,0,0,0,0,0,0,0,0,0,0,0,0,0,0,0,0,0,0,0,0,0,0,0,0,0,0,0,0,0,0,0,0,0,0,0,0,0,0,0,0,0,0,0,0,0,0,0,0,0,0,0,0,0,0,0,1,0,790809.54,0.61749673217925,1280670,0.843,0.843,1,1,1,0,0,0,0,1,1,0,0,0,0,0,0,0,0,4036081,4032064,1,0,0.154797212267457
169,0,1,0,1,"Canada - Peru",2008,2009,"Developed-Developing",1,1,2,0,0,0,0,0,0,0,0,0,0,0,0,0,0,0,0,0,0,0,0,0,0,0,0,0,0,0,1,0,0,0,0,0,0,0,0,0,0,0,0,0,0,0,0,0,0,0,0,1,0,0,0,0,0,0,0,0,0,0,0,0,0,0,0,0,0,0,0,0,0,0,0,0,0,0,0,0,0,0,0,0,0,0,0,0,0,0,0,0,0,0,0,0,0,0,0,0,0,0,0,0,0,0,0,0,0,0,0,0,0,1,0,5486432.42,0.535492091719462,10245590,0.843,0.571,1,0,0,0,0,1,1,1,1,0,0,0,0,0,0,0,0,4036081,4032064,1,0,0.669518459316865
170,0,0,0,0,"EFTA - Canada",2008,2009,"Developed-Developed",0,0,5,0,1,1,1,1,0,0,0,0,0,0,0,0,0,0,0,0,0,0,0,0,0,0,0,0,0,0,0,0,0,0,0,0,0,0,0,0,0,0,0,0,0,0,0,0,0,0,0,1,0,0,0,0,0,0,0,0,0,0,0,0,0,0,0,0,0,0,0,0,0,0,0,0,0,0,0,0,0,0,0,0,0,0,0,0,0,0,0,0,0,0,0,0,0,0,0,0,0,0,0,0,0,0,0,0,0,0,0,0,0,0,0,4840269.46,0.511074652023996,9470768,0.497,0.364333333333333,0,0,0,0,0,1,1,0,0,1,2,0,0,0,0,0,0,4036081,4032064,0,0,0.117559579526479
171,1,1,0,0,"Chile - Colombia",2006,2009,"Developed-Developing",1,0,2,0,0,0,0,0,0,0,0,0,0,0,0,0,0,0,0,0,0,0,0,0,0,0,0,0,0,0,0,0,1,0,0,1,0,0,0,0,0,0,0,0,0,0,0,0,0,0,0,0,0,0,0,0,0,0,0,0,0,0,0,0,0,0,0,0,0,0,0,0,0,0,0,0,0,0,0,0,0,0,0,0,0,0,0,0,0,0,0,0,0,0,0,0,0,0,0,0,0,0,0,0,0,0,0,0,0,0,0,0,0,1,0,1051421.42,0.567405970323232,1853032,0.935,0.7525,2,0,0,0,0,0,0,1,2,0,0,0,0,0,0,0,0,4036081,4024036,1,0,0.736765800236142
172,0,0,0,0,"Japan - Switzerland",2009,2009,"Developed-Developed",0,0,2,0,0,1,0,0,0,0,0,0,0,0,0,0,0,0,0,0,0,0,0,0,0,0,0,0,0,0,0,0,0,0,0,0,0,0,0,0,0,0,0,0,0,0,0,0,0,0,0,0,0,0,0,0,0,0,0,0,0,0,0,0,0,0,0,0,0,0,0,0,0,0,0,0,0,0,0,0,0,0,0,0,0,0,0,0,1,0,0,0,0,0,0,0,0,0,0,0,0,0,0,0,0,0,0,0,0,0,0,0,0,0,0,289277.28,0.715990337207691,404024,0.638,0.5675,0,1,1,0,0,0,0,0,0,1,1,1,1,0,0,0,0,4036081,4036081,0,0,0.185728859204193
173,1,0,0,0,"EU - Cameroon",2009,2014,"Developed-Developing",1,0,29,1,0,0,0,0,0,0,0,0,0,0,0,0,0,0,0,0,0,0,0,0,0,0,0,0,0,0,0,0,0,0,0,0,0,0,0,0,0,0,0,0,0,0,0,0,0,0,0,0,0,0,0,0,0,0,0,0,0,0,0,0,0,0,0,0,0,0,0,0,0,0,0,0,0,1,0,0,0,0,0,0,0,0,0,0,0,0,0,0,0,0,0,0,0,0,0,0,0,0,0,0,0,0,0,0,0,0,0,0,0,1,0,2149998.96,0.456401896887018,4710758.16,0.689,0.45452,1,1,29,1,1,0,0,0,0,1,26,0,0,0,0,0,0,4056196,4036081,1,0,0.784549519380139
174,1,0,1,0,"Japan - Viet Nam",2008,2009,"Developed-Developing",1,1,2,0,0,0,0,0,0,0,0,0,0,0,0,0,0,0,0,0,0,0,0,0,0,0,0,0,0,0,0,0,0,0,0,0,0,0,0,0,0,0,0,0,1,0,0,0,0,0,0,0,0,0,0,0,0,0,0,0,0,0,0,0,0,0,0,0,0,0,0,0,0,0,0,0,0,0,0,0,0,0,0,0,0,0,0,0,1,0,0,0,0,0,0,0,0,0,0,0,0,0,0,0,0,0,0,0,0,0,0,0,0,1,0,454234.52,0.672382201432885,675560,0.682,0.66,1,1,2,0,0,0,0,0,0,0,0,1,2,0,0,0,0,4036081,4032064,1,0,0.579655516957061
175,1,0,0,0,"ASEAN - Japan",2008,2008,"Developed-Developing",1,0,11,0,0,0,0,0,0,0,0,0,0,0,0,0,1,0,0,0,0,0,0,0,0,0,0,0,0,0,0,0,0,0,0,0,0,0,0,0,0,1,0,0,1,1,1,1,1,1,1,0,0,0,0,0,0,0,0,0,0,0,0,0,0,0,0,0,0,0,0,0,0,0,0,0,0,0,0,0,0,0,0,0,0,0,0,0,1,0,0,0,0,0,0,0,0,0,0,0,0,0,0,0,0,0,0,0,0,0,0,0,0,1,0,3576447.02,0.751750980401636,4757489,1,0.7173,9,1,2,0,0,0,0,0,0,0,0,1,10,0,0,0,0,4032064,4032064,1,0,0.422773253218874
176,0,0,0,0,"Panama - Honduras (Panama - Central America)",2007,2009,"Developing-Developing",0,0,2,0,0,0,0,0,0,0,1,0,0,0,0,0,0,0,0,0,0,0,0,0,0,0,0,0,0,0,0,0,0,0,0,0,0,0,0,0,0,0,0,0,0,0,0,0,0,0,0,0,0,0,0,0,0,0,0,0,0,0,0,0,0,0,0,0,0,0,0,0,0,0,0,0,0,0,0,0,0,0,0,0,0,0,0,0,0,0,0,0,0,0,0,0,1,0,0,0,0,0,0,0,0,0,0,0,0,0,0,0,0,1,0,143824.4,0.772294474574451,186230,0.793,0.723,2,1,1,0,0,0,0,1,2,0,0,0,0,0,0,0,0,4036081,4028049,0,1,0.0987435841191704
177,0,0,0,0,"MERCOSUR - India",2004,2009,"Developed-Developing",0,0,6,0,0,0,0,0,0,0,0,0,0,0,0,0,0,0,1,0,0,0,0,0,0,0,0,0,0,1,0,0,0,1,0,0,0,1,0,0,0,0,0,0,0,0,0,0,0,0,0,0,0,0,0,0,0,0,0,0,0,0,0,0,0,0,0,0,0,0,0,0,0,0,0,0,0,0,0,0,0,0,0,0,0,0,0,0,0,0,0,0,0,0,0,0,0,0,0,0,0,0,0,0,0,0,0,0,0,0,0,0,0,1,0,7285509.72,0.469354894446023,15522390,0.877,0.695666666666667,5,0,0,0,0,0,0,1,5,0,0,0,0,1,1,0,0,4036081,4016016,1,0,0.0533705921894198
179,1,0,1,0,"Peru - China",2009,2010,"Developing-Developing",1,1,2,0,0,0,0,0,0,0,0,0,0,0,0,0,0,0,0,0,0,0,0,0,0,0,0,0,0,0,1,0,0,0,0,0,0,0,0,0,0,0,0,0,0,0,0,0,0,0,0,0,0,0,0,0,0,0,0,0,0,0,0,0,0,0,0,0,0,0,0,0,0,0,0,0,0,0,0,0,0,0,0,0,0,0,0,0,0,0,0,1,0,0,0,0,0,0,0,0,0,0,0,0,0,0,0,0,0,0,0,0,0,1,0,2681051.92,0.250455586798322,10704700,0.843,0.841,2,1,1,0,0,0,0,1,1,0,0,1,1,0,0,0,0,4040100,4036081,0,1,0.0690144844826043
181,0,0,0,0,"Turkey - Montenegro",2008,2010,"Developing-Developing",0,0,2,0,0,0,0,0,0,0,0,0,0,0,0,0,0,0,0,0,0,0,0,0,0,0,0,0,0,0,0,0,0,0,0,0,0,0,0,0,0,0,1,0,0,0,0,0,0,0,0,0,0,0,0,0,0,0,0,0,0,0,0,0,0,0,0,0,0,0,0,0,0,0,0,0,0,0,0,0,0,0,0,0,0,0,0,0,0,0,0,0,0,0,0,0,0,0,0,0,0,0,0,0,0,1,0,0,0,0,0,0,0,0,0,129089.33,0.164848201971701,783080,0.572,0.572,0,0,0,0,0,0,0,0,0,0,0,0,0,1,1,0,0,4040100,4032064,0,1,0.0222624510824384
182,1,0,1,0,"El Salvador - Honduras - Chinese Taipei",2007,2008,"Developed-Developing",1,1,3,0,0,0,0,0,1,0,1,0,0,0,0,0,0,0,0,0,0,0,0,0,0,0,0,0,0,0,0,0,0,0,0,0,0,0,0,0,0,0,0,0,0,0,0,0,0,0,0,0,0,0,0,0,0,0,0,0,0,0,0,0,0,0,0,0,0,0,0,0,0,0,0,0,0,0,0,0,0,0,0,0,0,0,0,0,0,0,0,0,0,0,0,0,0,0,0,0,0,0,0,0,0,0,0,0,0,1,0,0,0,1,0,95674.05,0.721469346203152,132610,0.653,0.6345,2,0,0,0,0,0,0,1,2,0,0,0,0,0,0,0,0,4032064,4028049,1,0,0.549579700091965
183,0,0,0,0,"ASEAN - Australia - New Zealand",2009,2010,"Developed-Developing",0,0,12,0,0,0,0,0,0,0,0,0,0,0,0,0,1,0,0,0,0,1,0,0,0,0,0,0,1,0,0,0,0,0,0,0,0,0,0,0,0,1,0,0,1,1,1,1,1,1,1,0,0,0,0,0,0,0,0,0,0,0,0,0,0,0,0,0,0,0,0,0,0,0,0,0,0,0,0,0,0,0,0,0,0,0,0,0,0,0,0,0,0,0,0,0,0,0,0,0,0,0,0,0,0,0,0,0,0,0,0,0,0,1,0,4078555.1,0.330552528694708,12338599,1,0.718909090909091,10,1,10,0,0,0,0,0,0,0,0,1,9,0,0,1,2,4040100,4036081,1,0,0.148780424131993
184,0,0,0,0,"EU - Serbia",2008,2010,"Developed-Developing",0,0,29,1,0,0,0,0,0,0,0,0,0,0,0,0,0,0,0,0,0,0,0,0,0,0,0,0,0,0,0,0,0,0,0,0,0,0,0,0,0,0,0,0,0,0,0,0,0,0,0,0,0,0,0,0,0,0,0,0,0,0,0,0,0,0,0,0,0,0,0,0,0,0,0,0,0,0,0,0,0,0,0,0,0,0,0,0,0,0,0,0,0,0,0,0,0,0,0,0,0,0,0,0,1,0,0,0,0,0,0,0,0,0,0,1763098.43,0.407604925197968,4325508.16,0.589,0.44475,0,1,28,0,0,0,0,0,0,1,27,0,0,0,0,0,0,4040100,4032064,1,0,0.286373628822835
185,0,0,0,0,"India - Nepal",2009,2009,"Developing-Developing",0,0,2,0,0,0,0,0,0,0,0,0,0,0,0,0,0,0,1,0,0,0,0,0,0,0,0,0,0,0,0,0,0,0,0,0,0,0,0,0,0,0,0,0,0,0,0,0,0,0,0,0,0,0,0,0,0,0,0,0,0,0,0,1,0,0,0,0,0,0,0,0,0,0,0,0,0,0,0,0,0,0,0,0,0,0,0,0,0,0,0,0,0,0,0,0,0,0,0,0,0,0,0,0,0,0,0,0,0,0,0,0,0,1,0,546910.06,0.175486295699718,3116540,0.732,0.687,1,0,0,0,0,0,0,0,0,0,0,0,0,1,2,0,0,4036081,4036081,0,1,0.0109641387940864
186,0,0,0,0,"Turkey - Serbia",2009,2010,"Developing-Developing",0,0,2,0,0,0,0,0,0,0,0,0,0,0,0,0,0,0,0,0,0,0,0,0,0,0,0,0,0,0,0,0,0,0,0,0,0,0,0,0,0,0,1,0,0,0,0,0,0,0,0,0,0,0,0,0,0,0,0,0,0,0,0,0,0,0,0,0,0,0,0,0,0,0,0,0,0,0,0,0,0,0,0,0,0,0,0,0,0,0,0,0,0,0,0,0,0,0,0,0,0,0,0,0,1,0,0,0,0,0,0,0,0,0,0,159353.21,0.185923543618523,857090,0.572,0.572,0,0,0,0,0,0,0,0,0,1,1,0,0,1,1,0,0,4040100,4036081,0,1,0.0288286342529934
187,0,0,0,0,"ASEAN - India",2009,2010,"Developed-Developing",0,0,11,0,0,0,0,0,0,0,0,0,0,0,0,0,1,0,1,0,0,0,0,0,0,0,0,0,0,0,0,0,0,0,0,0,0,0,0,0,0,1,0,0,1,1,1,1,1,1,1,0,0,0,0,0,0,0,0,0,0,0,0,0,0,0,0,0,0,0,0,0,0,0,0,0,0,0,0,0,0,0,0,0,0,0,0,0,0,0,0,0,0,0,0,0,0,0,0,0,0,0,0,0,0,0,0,0,0,0,0,0,0,1,0,3794585.02,0.515136140460339,7366179,1,0.7267,10,1,10,0,0,0,0,0,0,0,0,1,9,1,1,0,0,4040100,4036081,1,0,0.0664610649351498
189,0,0,0,0,"EFTA - Serbia",2009,2010,"Developed-Developing",0,0,5,0,1,1,1,1,0,0,0,0,0,0,0,0,0,0,0,0,0,0,0,0,0,0,0,0,0,0,0,0,0,0,0,0,0,0,0,0,0,0,0,0,0,0,0,0,0,0,0,0,0,0,0,0,0,0,0,0,0,0,0,0,0,0,0,0,0,0,0,0,0,0,0,0,0,0,0,0,0,0,0,0,0,0,0,0,0,0,0,0,0,0,0,0,0,0,0,0,0,0,0,0,1,0,0,0,0,0,0,0,0,0,0,174910.46,0.295138786240504,592638,0.497,0.397,0,0,0,0,0,0,0,0,0,1,3,0,0,0,0,0,0,4040100,4036081,1,0,0.0855710068152595
190,0,0,0,0,"Hong Kong, China - New Zealand",2010,2011,"Developed-Developed",0,0,2,0,0,0,0,0,0,0,0,0,0,0,0,0,0,0,0,0,0,0,0,0,0,0,0,0,1,0,0,0,0,0,0,0,0,0,0,0,0,0,0,0,0,0,0,0,0,0,0,0,0,0,0,0,0,0,0,0,0,0,0,0,0,0,0,0,0,0,0,0,0,0,0,0,0,0,0,0,0,0,0,0,0,0,0,0,0,0,0,0,0,1,0,0,0,0,0,0,0,0,0,0,0,0,0,0,0,0,0,0,0,0,0,115769.3,0.437922908155545,264360,0.52,0.52,0,1,1,0,0,0,0,0,0,0,0,0,0,0,0,1,1,4044121,4040100,0,0,0.0647129708496024
191,0,0,0,0,"EFTA - Albania",2009,2010,"Developed-Developing",0,0,5,0,1,1,1,1,0,0,0,0,0,0,0,0,0,0,0,0,0,0,0,0,0,0,0,0,0,0,0,0,0,0,0,0,0,0,0,0,0,0,0,0,0,0,0,0,0,0,0,0,0,0,0,0,0,0,0,0,0,0,0,0,0,0,0,0,0,0,0,0,0,0,0,0,0,0,0,0,0,0,0,0,0,0,0,0,0,0,0,0,0,0,0,0,0,0,0,0,0,0,0,1,0,0,0,0,0,0,0,0,0,0,0,153035.7,0.287348895373072,532578,0.531,0.441666666666667,0,0,0,0,0,0,0,0,0,1,3,0,0,0,0,0,0,4040100,4036081,1,0,0.0861336386162608
192,0,1,0,0,"Turkey - Chile",2009,2011,"Developed-Developing",1,0,2,0,0,0,0,0,0,0,0,0,0,0,0,0,0,0,0,0,0,0,0,0,0,0,0,0,0,0,0,0,0,0,0,1,0,0,0,0,0,0,1,0,0,0,0,0,0,0,0,0,0,0,0,0,0,0,0,0,0,0,0,0,0,0,0,0,0,0,0,0,0,0,0,0,0,0,0,0,0,0,0,0,0,0,0,0,0,0,0,0,0,0,0,0,0,0,0,0,0,0,0,0,0,0,0,0,0,0,0,0,0,1,0,335486.59,0.221712275354523,1513162,0.572,0.571,1,1,1,0,0,0,0,1,1,0,0,0,0,1,1,0,0,4044121,4036081,1,0,0.430966358611836
193,0,0,0,0,"Turkey - Jordan",2009,2011,"Developing-Developing",0,0,2,0,0,0,0,0,0,0,0,0,0,0,0,0,0,0,0,0,0,0,0,0,0,0,0,0,0,0,0,0,0,0,0,0,0,0,0,0,0,0,1,0,0,0,0,0,0,0,0,0,0,0,0,0,0,0,0,0,0,0,0,0,0,0,0,0,0,0,0,0,0,0,0,0,0,0,0,0,0,0,0,0,0,0,0,1,0,0,0,0,0,0,0,0,0,0,0,0,0,0,0,0,0,0,0,0,0,0,0,0,0,0,0,129127.71,0.150521302761491,857870,0.572,0.52,0,0,0,0,0,0,0,0,0,0,0,0,0,1,2,0,0,4044121,4036081,0,1,0.0266519489063392
194,0,1,0,1,"EFTA - Peru",2010,2011,"Developed-Developing",1,1,5,0,1,1,1,1,0,0,0,0,0,0,0,0,0,0,0,0,0,0,0,0,0,0,0,0,0,0,1,0,0,0,0,0,0,0,0,0,0,0,0,0,0,0,0,0,0,0,0,0,0,0,0,0,0,0,0,0,0,0,0,0,0,0,0,0,0,0,0,0,0,0,0,0,0,0,0,0,0,0,0,0,0,0,0,0,0,0,0,0,0,0,0,0,0,0,0,0,0,0,0,0,0,0,0,0,0,0,0,0,0,1,0,935456.12,0.524012798723713,1785178,0.843,0.545666666666667,1,1,1,0,0,0,0,1,1,1,2,0,0,0,0,0,0,4044121,4040100,1,0,0.54355344802563
195,1,1,1,1,"EU - Korea, Republic of",2010,2011,"Developed-Developed",1,1,29,1,0,0,0,0,0,0,0,0,0,0,0,0,0,1,0,0,0,0,0,0,0,0,0,0,0,0,0,0,0,0,0,0,0,0,0,0,0,0,0,0,0,0,0,0,0,0,0,0,0,0,0,0,0,0,0,0,0,0,0,0,0,0,0,0,0,0,0,0,0,0,0,0,0,0,0,0,0,0,0,0,0,0,0,0,0,0,0,0,0,0,0,0,0,0,0,0,0,0,0,0,0,0,0,0,0,0,0,0,0,0,0,1790609.27,0.413105525218344,4334508.16,0.589,0.44388,0,1,28,0,0,0,0,0,0,1,26,1,1,0,0,0,0,4044121,4040100,0,0,0.482403377222583
196,0,0,0,0,"Guatemala - Chinese Taipei",2005,2006,"Developed-Developing",0,0,2,0,0,0,0,0,0,0,0,0,1,0,0,0,0,0,0,0,0,0,0,0,0,0,0,0,0,0,0,0,0,0,0,0,0,0,0,0,0,0,0,0,0,0,0,0,0,0,0,0,0,0,0,0,0,0,0,0,0,0,0,0,0,0,0,0,0,0,0,0,0,0,0,0,0,0,0,0,0,0,0,0,0,0,0,0,0,0,0,0,0,0,0,0,0,0,0,0,0,0,0,0,0,0,0,0,0,1,0,0,0,1,0,82734.53,0.772065416200075,107160,0.744,0.744,1,0,0,0,0,0,0,1,1,0,0,0,0,0,0,0,0,4024036,4020025,1,0,0.333970932067828
197,0,1,0,0,"Peru - Korea, Republic of",2011,2011,"Developed-Developing",1,0,2,0,0,0,0,0,0,0,0,0,0,0,0,0,0,1,0,0,0,0,0,0,0,0,0,0,0,0,1,0,0,0,0,0,0,0,0,0,0,0,0,0,0,0,0,0,0,0,0,0,0,0,0,0,0,0,0,0,0,0,0,0,0,0,0,0,0,0,0,0,0,0,0,0,0,0,0,0,0,0,0,0,0,0,0,0,0,0,0,0,0,0,0,0,0,0,0,0,0,0,0,0,0,0,0,0,0,0,0,0,0,1,0,848584.26,0.616497580750621,1376460,0.843,0.633,1,1,1,0,0,0,0,1,1,0,0,1,1,0,0,0,0,4044121,4044121,1,0,0.86531696782189
198,0,0,0,0,"India - Malaysia",2011,2011,"Developing-Developing",0,0,2,0,0,0,0,0,0,0,0,0,0,0,0,0,0,0,1,0,0,0,0,0,0,0,0,0,0,0,0,0,0,0,0,0,0,0,0,0,0,0,0,0,0,0,0,0,0,1,0,0,0,0,0,0,0,0,0,0,0,0,0,0,0,0,0,0,0,0,0,0,0,0,0,0,0,0,0,0,0,0,0,0,0,0,0,0,0,0,0,0,0,0,0,0,0,0,0,0,0,0,0,0,0,0,0,0,0,0,0,0,0,1,0,788771.36,0.238895661075675,3301740,0.809,0.7705,2,1,1,0,0,0,0,0,0,0,0,1,1,1,1,0,0,4044121,4044121,0,1,0.0704032742790661
199,0,0,0,0,"India - Japan",2011,2011,"Developed-Developing",0,0,2,0,0,0,0,0,0,0,0,0,0,0,0,0,0,0,1,0,0,0,0,0,0,0,0,0,0,0,0,0,0,0,0,0,0,0,0,0,0,0,0,0,0,0,0,0,0,0,0,0,0,0,0,0,0,0,0,0,0,0,0,0,0,0,0,0,0,0,0,0,0,0,0,0,0,0,0,0,0,0,0,0,0,0,0,0,1,0,0,0,0,0,0,0,0,0,0,0,0,0,0,0,0,0,0,0,0,0,0,0,0,1,0,763683,0.228805850753066,3337690,0.732,0.685,1,1,1,0,0,0,0,0,0,0,0,1,1,1,1,0,0,4044121,4044121,1,0,0.210580486210782
200,0,1,0,0,"EFTA - Colombia",2008,2011,"Developed-Developing",1,0,5,0,1,1,1,1,0,0,0,0,0,0,0,0,0,0,0,0,0,0,0,0,0,0,0,0,0,0,0,0,1,0,0,0,0,0,0,0,0,0,0,0,0,0,0,0,0,0,0,0,0,0,0,0,0,0,0,0,0,0,0,0,0,0,0,0,0,0,0,0,0,0,0,0,0,0,0,0,0,0,0,0,0,0,0,0,0,0,0,0,0,0,0,0,0,0,0,0,0,0,0,0,0,0,0,0,0,0,0,0,0,1,0,989670.74,0.612921424581248,1614678,0.935,0.576333333333333,1,1,1,0,0,0,0,1,1,1,2,0,0,0,0,0,0,4044121,4032064,1,0,0.827399139060175
201,1,1,0,0,"Canada - Colombia",2008,2011,"Developed-Developing",1,0,2,0,0,0,0,0,0,0,0,0,0,0,0,0,0,0,0,0,0,0,0,0,0,0,0,0,0,0,0,0,1,0,0,0,0,0,0,0,0,0,0,0,0,0,0,0,0,0,0,1,0,0,0,0,0,0,0,0,0,0,0,0,0,0,0,0,0,0,0,0,0,0,0,0,0,0,0,0,0,0,0,0,0,0,0,0,0,0,0,0,0,0,0,0,0,0,0,0,0,0,0,0,0,0,0,0,0,0,0,0,0,1,0,5540647.04,0.549935240280732,10075090,0.935,0.617,1,1,2,0,0,1,1,1,1,0,0,0,0,0,0,0,0,4044121,4032064,1,0,0.913969274928667
202,0,0,0,0,"EU - Papua New Guinea - Fiji",2009,2009,"Developed-Developing",0,0,30,1,0,0,0,0,0,0,0,0,0,0,0,0,0,0,0,0,0,0,1,0,0,0,0,1,0,0,0,0,0,0,0,0,0,0,0,0,0,0,0,0,0,0,0,0,0,0,0,0,0,0,0,0,0,0,0,0,0,0,0,0,0,0,0,0,0,0,0,0,0,0,0,0,0,0,0,0,0,0,0,0,0,0,0,0,0,0,0,0,0,0,0,0,0,0,0,0,0,0,0,0,0,0,0,0,0,0,0,0,0,1,0,2186244.74,0.464251864278586,4709178.16,0.775,0.460346153846154,2,1,28,0,0,0,0,0,0,1,26,0,0,0,0,1,2,4036081,4036081,1,0,0.215480328007859
203,0,0,0,0,"Chile - Honduras (Chile - Central America)",1999,2008,"Developed-Developing",0,0,2,0,0,0,0,0,0,0,1,0,0,0,0,0,0,0,0,0,0,0,0,0,0,0,0,0,0,0,0,0,0,0,0,1,0,0,0,0,0,0,0,0,0,0,0,0,0,0,0,0,0,0,0,0,0,0,0,0,0,0,0,0,0,0,0,0,0,0,0,0,0,0,0,0,0,0,0,0,0,0,0,0,0,0,0,0,0,0,0,0,0,0,0,0,0,0,0,0,0,0,0,0,0,0,0,0,0,0,0,0,0,1,0,290800.32,0.339949545370589,855422,0.653,0.6115,2,0,0,0,0,0,0,1,2,0,0,0,0,0,0,0,0,4032064,3996001,1,0,0.0430446003320763
204,0,0,0,0,"Peru - Chile",2006,2009,"Developed-Developing",0,0,2,0,0,0,0,0,0,0,0,0,0,0,0,0,0,0,0,0,0,0,0,0,0,0,0,0,0,0,1,0,0,0,0,1,0,0,0,0,0,0,0,0,0,0,0,0,0,0,0,0,0,0,0,0,0,0,0,0,0,0,0,0,0,0,0,0,0,0,0,0,0,0,0,0,0,0,0,0,0,0,0,0,0,0,0,0,0,0,0,0,0,0,0,0,0,0,0,0,0,0,0,0,0,0,0,0,0,0,0,0,0,1,0,997206.8,0.492805055714464,2023532,0.843,0.7065,2,0,0,0,0,0,0,1,2,0,0,0,0,0,0,0,0,4036081,4024036,1,0,0.317547223035507
206,1,1,0,0,"New Zealand - Malaysia",2009,2010,"Developed-Developing",1,0,2,0,0,0,0,0,0,0,0,0,0,0,0,0,0,0,0,0,0,0,0,0,0,0,0,0,1,0,0,0,0,0,0,0,0,0,0,0,0,0,0,0,0,0,0,0,0,1,0,0,0,0,0,0,0,0,0,0,0,0,0,0,0,0,0,0,0,0,0,0,0,0,0,0,0,0,0,0,0,0,0,0,0,0,0,0,0,0,0,0,0,0,0,0,0,0,0,0,0,0,0,0,0,0,0,0,0,0,0,0,0,1,0,413630.16,0.698864866691447,591860,0.809,0.6645,1,1,1,0,0,0,0,0,0,0,0,1,1,0,0,1,1,4040100,4036081,1,0,0.783975939166136
207,0,1,1,1,"EU - Eastern and Southern Africa States Interim EPA",2009,2012,"Developed-Developing",1,1,32,1,0,0,0,0,0,0,0,0,0,0,0,0,0,0,0,0,0,0,0,0,0,0,0,0,0,0,0,0,0,0,0,0,0,0,0,0,0,0,0,0,0,0,0,0,0,0,0,0,0,0,0,1,0,0,1,0,0,0,0,0,0,0,0,0,0,0,0,0,0,0,0,0,0,0,0,0,0,0,0,0,0,0,0,0,0,0,0,0,0,0,0,0,0,0,0,0,0,0,0,0,0,0,0,0,0,0,0,0,0,1,0,2248496.86,0.431662098407593,5208928.16,0.813,0.464346153846154,2,1,32,1,2,0,0,0,0,1,26,0,0,0,0,0,0,4048144,4036081,1,0,0.784530463444047
208,0,0,0,0,"Peru - Mexico",2011,2012,"Developing-Developing",0,0,2,0,0,0,0,0,0,0,0,0,0,0,0,0,0,0,0,0,0,0,0,0,0,0,0,0,0,0,1,1,0,0,0,0,0,0,0,0,0,0,0,0,0,0,0,0,0,0,0,0,0,0,0,0,0,0,0,0,0,0,0,0,0,0,0,0,0,0,0,0,0,0,0,0,0,0,0,0,0,0,0,0,0,0,0,0,0,0,0,0,0,0,0,0,0,0,0,0,0,0,0,0,0,0,0,0,0,0,0,0,0,1,0,1427964.53,0.442923907008483,3223950,0.928,0.8855,2,1,1,0,0,0,0,1,2,0,0,0,0,0,0,0,0,4048144,4044121,0,1,0.118634923275012
209,0,0,0,0,"Japan - Peru",2011,2012,"Developed-Developing",0,0,2,0,0,0,0,0,0,0,0,0,0,0,0,0,0,0,0,0,0,0,0,0,0,0,0,0,0,0,1,0,0,0,0,0,0,0,0,0,0,0,0,0,0,0,0,0,0,0,0,0,0,0,0,0,0,0,0,0,0,0,0,0,0,0,0,0,0,0,0,0,0,0,0,0,0,0,0,0,0,0,0,0,0,0,0,0,1,0,0,0,0,0,0,0,0,0,0,0,0,0,0,0,0,0,0,0,0,0,0,0,0,1,0,1063582.04,0.646751012465795,1644500,0.843,0.7405,1,1,2,0,0,0,0,1,1,0,0,1,1,0,0,0,0,4048144,4044121,1,0,0.795922986945293
210,0,0,0,0,"China - Costa Rica",2010,2011,"Developing-Developing",0,0,2,0,0,0,0,0,0,1,0,0,0,0,0,0,0,0,0,0,0,0,0,0,0,0,0,0,0,0,0,0,0,0,0,0,0,0,0,0,0,0,0,0,0,0,0,0,0,0,0,0,0,0,0,0,0,0,0,0,0,0,0,0,0,0,0,0,0,0,0,0,0,0,0,0,0,0,0,0,0,0,0,0,0,0,0,0,0,0,0,1,0,0,0,0,0,0,0,0,0,0,0,0,0,0,0,0,0,0,0,0,0,1,0,1931295.19,0.203814278749145,9475760,0.839,0.8295,2,1,1,0,0,0,0,1,1,0,0,1,1,0,0,0,0,4044121,4040100,0,1,0.0561093665105555
211,0,0,0,0,"Korea, Republic of - US",2007,2012,"Developed-Developed",0,0,2,0,0,0,0,0,0,0,0,0,0,0,0,0,0,1,0,0,0,0,0,0,0,0,0,0,0,0,0,0,0,0,0,0,0,0,0,1,0,0,0,0,0,0,0,0,0,0,0,0,0,0,0,0,0,0,0,0,0,0,0,0,0,0,0,0,0,0,0,0,0,0,0,0,0,0,0,0,0,0,0,0,0,0,0,0,0,0,0,0,0,0,0,0,0,0,0,0,0,0,0,0,0,0,0,0,0,0,0,0,0,0,0,3207423.21,0.346434604110006,9258380,0.677,0.55,0,1,2,0,0,1,1,0,0,0,0,1,1,0,0,0,0,4048144,4028049,0,0,0.145267387568458
212,0,0,0,0,"Chile - Guatemala (Chile - Central America)",1999,2010,"Developed-Developing",0,0,2,0,0,0,0,0,0,0,0,0,1,0,0,0,0,0,0,0,0,0,0,0,0,0,0,0,0,0,0,0,0,0,0,1,0,0,0,0,0,0,0,0,0,0,0,0,0,0,0,0,0,0,0,0,0,0,0,0,0,0,0,0,0,0,0,0,0,0,0,0,0,0,0,0,0,0,0,0,0,0,0,0,0,0,0,0,0,0,0,0,0,0,0,0,0,0,0,0,0,0,0,0,0,0,0,0,0,0,0,0,0,1,0,289131.79,0.339878346099411,850692,0.744,0.657,2,1,1,0,0,0,0,1,2,0,0,0,0,0,0,0,0,4040100,3996001,1,0,0.0247934140207263
213,0,0,0,0,"Panama - Peru",2011,2012,"Developing-Developing",0,0,2,0,0,0,0,0,0,0,0,0,0,0,0,0,0,0,0,0,0,0,0,0,0,0,0,0,0,0,1,0,0,0,0,0,0,0,0,0,0,0,0,0,0,0,0,0,0,0,0,0,0,0,0,0,0,0,0,0,0,0,0,0,0,0,0,0,0,0,0,0,0,0,0,0,0,0,0,0,0,0,0,0,0,0,0,0,0,0,0,0,0,0,0,0,1,0,0,0,0,0,0,0,0,0,0,0,0,0,0,0,0,1,0,850230.88,0.627782447539023,1354340,0.843,0.818,2,1,1,0,0,0,0,1,2,0,0,0,0,0,0,0,0,4048144,4044121,0,1,0.212983183519096
214,0,1,0,0,"US - Colombia",2006,2012,"Developed-Developing",1,0,2,0,0,0,0,0,0,0,0,0,0,0,0,0,0,0,0,0,0,0,0,0,0,0,0,0,0,0,0,0,1,0,0,0,0,0,0,1,0,0,0,0,0,0,0,0,0,0,0,0,0,0,0,0,0,0,0,0,0,0,0,0,0,0,0,0,0,0,0,0,0,0,0,0,0,0,0,0,0,0,0,0,0,0,0,0,0,0,0,0,0,0,0,0,0,0,0,0,0,0,0,0,0,0,0,0,0,0,0,0,0,1,0,3994672.65,0.388911430941389,10271420,0.935,0.806,1,1,2,0,0,1,1,1,1,0,0,0,0,0,0,0,0,4048144,4024036,1,0,0.732685829583591
215,0,0,0,0,"EFTA - Ukraine",2010,2012,"Developed-Developing",0,0,5,0,1,1,1,1,0,0,0,0,0,0,0,0,0,0,0,0,0,0,0,0,0,0,0,0,0,0,0,0,0,0,0,0,0,0,0,0,0,0,0,0,0,0,0,0,0,0,0,0,0,0,0,0,0,0,0,0,0,0,0,0,0,0,0,0,0,0,0,0,0,1,0,0,0,0,0,0,0,0,0,0,0,0,0,0,0,0,0,0,0,0,0,0,0,0,0,0,0,0,0,0,0,0,0,0,0,0,0,0,0,0,0,276237.1,0.254707209034714,1084528,0.497,0.403,0,1,4,0,0,0,0,0,0,1,3,0,0,0,0,0,0,4048144,4040100,1,0,0.0958656426222173
216,0,0,0,0,"East African Community (EAC) - Accession of Burundi and Rwanda",2007,2007,"Developing-Developing",0,0,5,0,0,0,0,0,0,0,0,0,0,0,0,0,0,0,0,0,0,0,0,0,0,0,0,0,0,0,0,0,0,0,0,0,0,0,0,0,0,0,0,0,0,0,0,0,0,0,0,0,0,0,0,0,1,0,0,0,0,0,0,0,0,0,0,0,0,0,0,0,0,0,0,0,0,0,0,0,0,0,1,0,0,0,0,0,0,0,0,0,0,0,0,0,0,0,0,0,0,0,0,0,0,0,0,0,0,0,0,0,0,1,0,989345.86,0.580227470529588,1705100,0.726,0.6762,5,1,5,1,5,0,0,0,0,0,0,0,0,0,0,0,0,4028049,4028049,0,1,0.0630636983415766
217,0,0,0,0,"Colombia - Northern Triangle (El Salvador, Guatemala, Honduras)",2007,2009,"Developing-Developing",0,0,4,0,0,0,0,0,1,0,1,0,1,0,0,0,0,0,0,0,0,0,0,0,0,0,0,0,0,0,0,0,1,0,0,0,0,0,0,0,0,0,0,0,0,0,0,0,0,0,0,0,0,0,0,0,0,0,0,0,0,0,0,0,0,0,0,0,0,0,0,0,0,0,0,0,0,0,0,0,0,0,0,0,0,0,0,0,0,0,0,0,0,0,0,0,0,0,0,0,0,0,0,0,0,0,0,0,0,0,0,0,0,1,0,1023432.74,0.758508482364538,1349270,0.935,0.737,4,1,2,0,0,0,0,1,4,0,0,0,0,0,0,0,0,4036081,4028049,0,1,0.291023834170369
220,0,0,0,0,"EFTA - Hong Kong, China",2011,2012,"Developed-Developed",0,0,5,0,1,1,1,1,0,0,0,0,0,0,0,0,0,0,0,0,0,0,0,0,0,0,0,0,0,0,0,0,0,0,0,0,0,0,0,0,0,0,0,0,0,0,0,0,0,0,0,0,0,0,0,0,0,0,0,0,0,0,0,0,0,0,0,0,0,0,0,0,0,0,0,0,0,0,0,0,0,0,0,0,0,0,0,0,0,0,0,0,0,1,0,0,0,0,0,0,0,0,0,0,0,0,0,0,0,0,0,0,0,0,0,144646.58,0.285734056591101,506228,0.497,0.397,0,1,4,0,0,0,0,0,0,1,2,0,0,0,0,0,0,4048144,4044121,0,0,0.0563734695067527
221,0,0,0,0,"EFTA - Montenegro",2011,2012,"Developed-Developing",0,0,5,0,1,1,1,1,0,0,0,0,0,0,0,0,0,0,0,0,0,0,0,0,0,0,0,0,0,0,0,0,0,0,0,0,0,0,0,0,0,0,0,0,0,0,0,0,0,0,0,0,0,0,0,0,0,0,0,0,0,0,0,0,0,0,0,0,0,0,0,0,0,0,0,0,0,0,0,0,0,0,0,0,0,0,0,0,0,0,0,0,0,0,0,0,0,0,0,0,0,0,0,0,0,1,0,0,0,0,0,0,0,0,0,144646.58,0.278902373184633,518628,0.497,0.397,0,1,4,0,0,0,0,0,0,1,2,0,0,0,0,0,0,4048144,4044121,1,0,0.122205983271854
222,0,0,0,0,"US - Panama",2007,2012,"Developed-Developing",0,0,2,0,0,0,0,0,0,0,0,0,0,0,0,0,0,0,0,0,0,0,0,0,0,0,0,0,0,0,0,0,0,0,0,0,0,0,0,1,0,0,0,0,0,0,0,0,0,0,0,0,0,0,0,0,0,0,0,0,0,0,0,0,0,0,0,0,0,0,0,0,0,0,0,0,0,0,0,0,0,0,0,0,0,0,0,0,0,0,0,0,0,0,0,0,1,0,0,0,0,0,0,0,0,0,0,0,0,0,0,0,0,1,0,3209069.83,0.347442561166533,9236260,0.793,0.735,1,1,1,0,0,1,1,1,1,0,0,0,0,0,0,0,0,4048144,4028049,1,0,0.297636695232767
224,0,0,0,0,"Russian Federation - Serbia",2000,2006,"Developing-Developing",0,0,2,0,0,0,0,0,0,0,0,0,0,0,0,0,0,0,0,0,0,0,0,0,0,0,0,0,0,0,0,0,0,0,0,0,0,0,0,0,0,0,0,0,0,0,0,0,0,0,0,0,0,0,0,0,0,0,0,0,0,0,0,0,0,0,0,0,0,0,0,1,0,0,0,0,0,0,0,0,0,0,0,0,0,0,0,0,0,0,0,0,0,0,0,0,0,0,0,0,0,0,0,0,1,0,0,0,0,0,0,0,0,0,0,8868672.4,0.53851357718838,16468800,0.447,0.447,0,0,0,0,0,0,0,0,0,1,2,0,0,0,0,0,0,4024036,4e+06,0,1,0.00320383208548163
227,1,1,0,0,"Chile - Malaysia",2010,2012,"Developed-Developing",1,0,2,0,0,0,0,0,0,0,0,0,0,0,0,0,0,0,0,0,0,0,0,0,0,0,0,0,0,0,0,0,0,0,0,1,0,0,0,0,0,0,0,0,0,0,0,0,0,1,0,0,0,0,0,0,0,0,0,0,0,0,0,0,0,0,0,0,0,0,0,0,0,0,0,0,0,0,0,0,0,0,0,0,0,0,0,0,0,0,0,0,0,0,0,0,0,0,0,0,0,0,0,0,0,0,0,0,0,0,0,0,0,1,0,504258.12,0.470354058738044,1072082,0.809,0.6895,2,1,2,0,0,0,0,1,1,0,0,1,1,0,0,0,0,4048144,4040100,1,0,0.728087168261332
228,0,0,0,0,"Panama - Nicaragua (Panama - Central America)",2009,2009,"Developing-Developing",0,0,2,0,0,0,0,0,0,0,0,1,0,0,0,0,0,0,0,0,0,0,0,0,0,0,0,0,0,0,0,0,0,0,0,0,0,0,0,0,0,0,0,0,0,0,0,0,0,0,0,0,0,0,0,0,0,0,0,0,0,0,0,0,0,0,0,0,0,0,0,0,0,0,0,0,0,0,0,0,0,0,0,0,0,0,0,0,0,0,0,0,0,0,0,0,1,0,0,0,0,0,0,0,0,0,0,0,0,0,0,0,0,1,0,143312.03,0.736141514279844,194680,0.793,0.718,2,1,1,0,0,0,0,1,2,0,0,0,0,0,0,0,0,4036081,4036081,0,1,0.134767280326001
229,1,1,0,0,"EU - Colombia and Peru",2012,2013,"Developed-Developing",1,0,30,1,0,0,0,0,0,0,0,0,0,0,0,0,0,0,0,0,0,0,0,0,0,0,0,0,0,0,1,0,1,0,0,0,0,0,0,0,0,0,0,0,0,0,0,0,0,0,0,0,0,0,0,0,0,0,0,0,0,0,0,0,0,0,0,0,0,0,0,0,0,0,0,0,0,0,0,0,0,0,0,0,0,0,0,0,0,0,0,0,0,0,0,0,0,0,0,0,0,0,0,0,0,0,0,0,0,0,0,0,0,1,0,3368668.25,0.508282726684856,6627548.16,0.935,0.478923076923077,2,1,30,0,0,0,0,1,2,1,26,0,0,0,0,0,0,4052169,4048144,1,0,0.979664749580895
230,1,1,0,0,"EU - Central America",2012,2013,"Developed-Developing",1,0,33,1,0,0,0,0,1,1,1,1,1,0,0,0,0,0,0,0,0,0,0,0,0,0,0,0,0,0,0,0,0,0,0,0,0,0,0,0,0,0,0,0,0,0,0,0,0,0,0,0,0,0,0,0,0,0,0,0,0,0,0,0,0,0,0,0,0,0,0,0,0,0,0,0,0,0,0,0,0,0,0,0,0,0,0,0,0,0,0,0,0,0,0,0,0,0,0,0,0,0,0,0,0,0,0,0,0,0,0,0,0,1,0,2036186.63,0.437963235951913,4649218.16,0.82,0.487931034482759,5,1,31,0,0,0,0,1,5,1,26,0,0,0,0,0,0,4052169,4048144,1,0,0.685489497181806
231,0,1,0,0,"Canada - Panama",2010,2013,"Developed-Developing",1,0,2,0,0,0,0,0,0,0,0,0,0,0,0,0,0,0,0,0,0,0,0,0,0,0,0,0,0,0,0,0,0,0,0,0,0,0,0,0,0,0,0,0,0,0,0,0,0,0,0,1,0,0,0,0,0,0,0,0,0,0,0,0,0,0,0,0,0,0,0,0,0,0,0,0,0,0,0,0,0,0,0,0,0,0,0,0,0,0,0,0,0,0,0,0,1,0,0,0,0,0,0,0,0,0,0,0,0,0,0,0,0,1,0,4755044.22,0.526004539858163,9039930,0.793,0.546,1,1,1,0,0,1,1,1,1,0,0,0,0,0,0,0,0,4052169,4040100,1,0,0.679912181572514
232,0,0,0,0,"Canada - Jordan",2009,2012,"Developed-Developing",0,0,2,0,0,0,0,0,0,0,0,0,0,0,0,0,0,0,0,0,0,0,0,0,0,0,0,0,0,0,0,0,0,0,0,0,0,0,0,0,0,0,0,0,0,0,0,0,0,0,0,1,0,0,0,0,0,0,0,0,0,0,0,0,0,0,0,0,0,0,0,0,0,0,0,0,0,0,0,0,0,0,0,0,0,0,0,1,0,0,0,0,0,0,0,0,0,0,0,0,0,0,0,0,0,0,0,0,0,0,0,0,0,0,0,4695661.26,0.51863810785049,9053830,0.468,0.3835,0,1,1,0,0,1,1,0,0,0,0,0,0,1,1,0,0,4048144,4036081,1,0,0.280694860983637
233,0,0,0,0,"Panama - Guatemala (Panama - Central America)",2008,2009,"Developing-Developing",0,0,2,0,0,0,0,0,0,0,0,0,1,0,0,0,0,0,0,0,0,0,0,0,0,0,0,0,0,0,0,0,0,0,0,0,0,0,0,0,0,0,0,0,0,0,0,0,0,0,0,0,0,0,0,0,0,0,0,0,0,0,0,0,0,0,0,0,0,0,0,0,0,0,0,0,0,0,0,0,0,0,0,0,0,0,0,0,0,0,0,0,0,0,0,0,1,0,0,0,0,0,0,0,0,0,0,0,0,0,0,0,0,1,0,142155.87,0.783227933884297,181500,0.793,0.7685,2,0,0,0,0,0,0,1,2,0,0,0,0,0,0,0,0,4036081,4032064,0,1,0.0687327013318034
234,0,0,0,0,"Ukraine - Montenegro",2011,2013,"Developing-Developing",0,0,2,0,0,0,0,0,0,0,0,0,0,0,0,0,0,0,0,0,0,0,0,0,0,0,0,0,0,0,0,0,0,0,0,0,0,0,0,0,0,0,0,0,0,0,0,0,0,0,0,0,0,0,0,0,0,0,0,0,0,0,0,0,0,0,0,0,0,0,0,0,0,1,0,0,0,0,0,0,0,0,0,0,0,0,0,0,0,0,0,0,0,0,0,0,0,0,0,0,0,0,0,0,0,1,0,0,0,0,0,0,0,0,0,131590.52,0.221981309041835,592800,0.415,0.415,0,0,0,0,0,0,0,0,0,1,1,0,0,0,0,0,0,4052169,4044121,0,1,0.0163477312242689
235,0,0,0,0,"EU (28) Enlargement",2011,2013,"Developed-Developed",0,0,28,1,0,0,0,0,0,0,0,0,0,0,0,0,0,0,0,0,0,0,0,0,0,0,0,0,0,0,0,0,0,0,0,0,0,0,0,0,0,0,0,0,0,0,0,0,0,0,0,0,0,0,0,0,0,0,0,0,0,0,0,0,0,0,0,0,0,0,0,0,0,0,0,0,0,0,0,0,0,0,0,0,0,0,0,0,0,0,0,0,0,0,0,0,0,0,0,0,0,0,0,0,0,0,0,0,0,0,0,0,0,0,0,1732834.55,0.408875615514478,4238048.16,0.589,0.44475,0,1,28,0,0,0,0,0,0,1,26,0,0,0,0,0,0,4052169,4044121,0,0,0.245945463795046
236,1,1,1,1,"Korea, Republic of - Turkey",2012,2013,"Developed-Developing",1,1,2,0,0,0,0,0,0,0,0,0,0,0,0,0,0,1,0,0,0,0,0,0,0,0,0,0,0,0,0,0,0,0,0,0,0,0,0,0,0,0,1,0,0,0,0,0,0,0,0,0,0,0,0,0,0,0,0,0,0,0,0,0,0,0,0,0,0,0,0,0,0,0,0,0,0,0,0,0,0,0,0,0,0,0,0,0,0,0,0,0,0,0,0,0,0,0,0,0,0,0,0,0,0,0,0,0,0,0,0,0,0,0,0,186864.05,0.215755926058493,866090,0.572,0.4975,0,1,2,0,0,0,0,0,0,0,0,1,1,1,1,0,0,4052169,4048144,1,0,0.597553225748068
237,1,0,0,0,"Malaysia - Australia",2012,2013,"Developed-Developing",1,0,2,0,0,0,0,0,0,0,0,0,0,0,0,0,0,0,0,0,0,1,0,0,0,0,0,0,0,0,0,0,0,0,0,0,0,0,0,0,0,0,0,0,0,0,0,0,0,1,0,0,0,0,0,0,0,0,0,0,0,0,0,0,0,0,0,0,0,0,0,0,0,0,0,0,0,0,0,0,0,0,0,0,0,0,0,0,0,0,0,0,0,0,0,0,0,0,0,0,0,0,0,0,0,0,0,0,0,0,0,0,0,1,0,956972.14,0.119459500552376,8010850,0.853,0.831,2,1,1,0,0,0,0,0,0,0,0,1,1,0,0,1,1,4052169,4048144,1,0,0.657274795441635
238,0,0,0,0,"Turkey - Mauritius",2011,2013,"Developing-Developing",0,0,2,0,0,0,0,0,0,0,0,0,0,0,0,0,0,0,0,0,0,0,0,0,0,0,0,0,0,0,0,0,0,0,0,0,0,0,0,0,0,0,1,0,0,0,0,0,0,0,0,0,0,0,0,0,0,0,1,0,0,0,0,0,0,0,0,0,0,0,0,0,0,0,0,0,0,0,0,0,0,0,0,0,0,0,0,0,0,0,0,0,0,0,0,0,0,0,0,0,0,0,0,0,0,0,0,0,0,0,0,0,0,0,0,129089.33,0.167287834020164,771660,0.572,0.572,0,1,2,0,0,0,0,0,0,0,0,0,0,1,1,0,0,4052169,4044121,0,1,0.0420733460985161
239,0,0,0,0,"Costa Rica - Peru",2011,2013,"Developing-Developing",0,0,2,0,0,0,0,0,0,1,0,0,0,0,0,0,0,0,0,0,0,0,0,0,0,0,0,0,0,0,1,0,0,0,0,0,0,0,0,0,0,0,0,0,0,0,0,0,0,0,0,0,0,0,0,0,0,0,0,0,0,0,0,0,0,0,0,0,0,0,0,0,0,0,0,0,0,0,0,0,0,0,0,0,0,0,0,0,0,0,0,0,0,0,0,0,0,0,0,0,0,0,0,0,0,0,0,0,0,0,0,0,0,1,0,831862.35,0.62496232326116,1331060,0.843,0.8315,2,1,1,0,0,0,0,1,2,0,0,0,0,0,0,0,0,4052169,4044121,0,1,0.211907007174912
240,0,0,0,0,"Treaty on a free trade area between members of the CIS",2011,2012,"Developing-Developing",0,0,3,0,0,0,0,0,0,0,0,0,0,0,0,0,0,0,0,0,0,0,0,0,0,0,0,0,0,0,0,0,0,0,0,0,0,0,0,0,0,0,0,0,0,0,0,0,0,0,0,0,0,0,0,0,0,0,0,0,0,0,0,0,0,0,0,0,0,0,0,0,0,0,1,1,1,0,0,0,0,0,0,0,0,0,0,0,0,0,0,0,0,0,0,0,0,0,0,0,0,0,0,0,0,0,0,0,0,0,0,0,0,0,0,17449.65,0.017652655538695,988500,0.534,0.485,0,0,0,0,0,0,0,0,0,0,0,0,0,1,2,0,0,4048144,4044121,0,1,0.0112514765802364
241,0,0,0,0,"Chile - Nicaragua (Chile - Central America)",1999,2012,"Developed-Developing",0,0,2,0,0,0,0,0,0,0,0,1,0,0,0,0,0,0,0,0,0,0,0,0,0,0,0,0,0,0,0,0,0,0,0,1,0,0,0,0,0,0,0,0,0,0,0,0,0,0,0,0,0,0,0,0,0,0,0,0,0,0,0,0,0,0,0,0,0,0,0,0,0,0,0,0,0,0,0,0,0,0,0,0,0,0,0,0,0,0,0,0,0,0,0,0,0,0,0,0,0,0,0,0,0,0,0,0,0,0,0,0,0,1,0,290287.95,0.336031206012002,863872,0.643,0.6065,2,1,2,0,0,0,0,1,2,0,0,0,0,0,0,0,0,4048144,3996001,1,0,0.0423793240211448
243,0,0,0,0,"Costa Rica - Singapore",2010,2013,"Developed-Developing",0,0,2,0,0,0,0,0,0,1,0,0,0,0,0,0,0,0,0,0,0,0,0,0,0,0,0,0,0,0,0,0,0,0,0,0,0,0,0,0,0,0,0,0,0,0,0,1,0,0,0,0,0,0,0,0,0,0,0,0,0,0,0,0,0,0,0,0,0,0,0,0,0,0,0,0,0,0,0,0,0,0,0,0,0,0,0,0,0,0,0,0,0,0,0,0,0,0,0,0,0,0,0,0,0,0,0,0,0,0,0,0,0,1,0,41052.81,0.793597718925188,51730,0.82,0.82,1,1,1,0,0,0,0,1,1,0,0,0,0,0,0,0,0,4052169,4040100,1,0,0.230231139595181
244,0,0,0,0,"New Zealand - Chinese Taipei",2013,2013,"Developed-Developed",0,0,2,0,0,0,0,0,0,0,0,0,0,0,0,0,0,0,0,0,0,0,0,0,0,0,0,0,1,0,0,0,0,0,0,0,0,0,0,0,0,0,0,0,0,0,0,0,0,0,0,0,0,0,0,0,0,0,0,0,0,0,0,0,0,0,0,0,0,0,0,0,0,0,0,0,0,0,0,0,0,0,0,0,0,0,0,0,0,0,0,0,0,0,0,0,0,0,0,0,0,0,0,0,0,0,0,0,0,1,0,0,0,0,0,115769.3,0.439669211195929,263310,0.52,0.52,0,1,2,0,0,0,0,0,0,0,0,0,0,0,0,1,1,4052169,4052169,0,0,0.210460380635429
245,0,0,0,0,"El Salvador - Cuba",2011,2012,"Developing-Developing",0,0,2,0,0,0,0,0,1,0,0,0,0,0,0,0,0,0,0,0,0,0,0,0,0,0,0,0,0,0,0,0,0,0,0,0,1,0,0,0,0,0,0,0,0,0,0,0,0,0,0,0,0,0,0,0,0,0,0,0,0,0,0,0,0,0,0,0,0,0,0,0,0,0,0,0,0,0,0,0,0,0,0,0,0,0,0,0,0,0,0,0,0,0,0,0,0,0,0,0,0,0,0,0,0,0,0,0,0,0,0,0,0,1,0,55286.12,0.431518264127381,128120,0.703,0.6595,2,1,1,0,0,1,1,1,1,0,0,0,0,0,0,0,0,4048144,4044121,0,1,0.141877366890007
246,0,0,0,0,"Mexico - Central America",2011,2012,"Developing-Developing",0,0,6,0,0,0,0,0,1,1,1,1,1,0,0,0,0,0,0,0,0,0,0,0,0,0,0,0,0,0,0,1,0,0,0,0,0,0,0,0,0,0,0,0,0,0,0,0,0,0,0,0,0,0,0,0,0,0,0,0,0,0,0,0,0,0,0,0,0,0,0,0,0,0,0,0,0,0,0,0,0,0,0,0,0,0,0,0,0,0,0,0,0,0,0,0,0,0,0,0,0,0,0,0,0,0,0,0,0,0,0,0,0,1,0,940507.07,0.399345710621964,2355120,0.928,0.734,6,1,3,0,0,0,0,1,6,0,0,0,0,0,0,0,0,4048144,4044121,0,1,0.0443384864365005
248,1,1,0,0,"EU - Rep. of Moldova",2014,2014,"Developed-Developing",1,0,29,1,0,0,0,0,0,0,0,0,0,0,0,0,0,0,0,0,0,0,0,0,0,0,0,0,0,0,0,0,0,0,0,0,0,0,0,0,0,0,0,0,0,0,0,0,0,0,0,0,0,0,0,0,0,0,0,0,0,0,0,0,0,0,0,0,0,0,0,0,1,0,0,0,0,0,0,0,0,0,0,0,0,0,0,0,0,0,0,0,0,0,0,0,0,0,0,0,0,0,0,0,0,0,0,0,0,0,0,0,0,0,0,1732834.55,0.405727861739543,4270928.16,0.589,0.44475,0,1,28,0,0,0,0,0,0,1,26,0,0,0,0,0,0,4056196,4056196,1,0,0.618651210990223
249,0,0,0,0,"Switzerland - China",2013,2014,"Developed-Developing",0,0,2,0,0,1,0,0,0,0,0,0,0,0,0,0,0,0,0,0,0,0,0,0,0,0,0,0,0,0,0,0,0,0,0,0,0,0,0,0,0,0,0,0,0,0,0,0,0,0,0,0,0,0,0,0,0,0,0,0,0,0,0,0,0,0,0,0,0,0,0,0,0,0,0,0,0,0,0,0,0,0,0,0,0,0,0,0,0,0,0,1,0,0,0,0,0,0,0,0,0,0,0,0,0,0,0,0,0,0,0,0,0,1,0,1906747.16,0.201468938182359,9464224,0.839,0.668,1,1,2,0,0,0,0,0,0,1,1,1,1,0,0,0,0,4056196,4052169,1,0,0.440012572599193
250,1,1,1,0,"EU - Ukraine",2014,2014,"Developed-Developed",1,1,29,1,0,0,0,0,0,0,0,0,0,0,0,0,0,0,0,0,0,0,0,0,0,0,0,0,0,0,0,0,0,0,0,0,0,0,0,0,0,0,0,0,0,0,0,0,0,0,0,0,0,0,0,0,0,0,0,0,0,0,0,0,0,0,0,0,0,0,0,0,0,0,0,0,0,0,0,0,0,0,0,0,0,0,0,0,0,0,0,0,0,0,0,0,0,0,0,0,0,0,0,0,0,0,0,0,0,0,1,0,0,0,0,1732834.55,0.408869826955997,4238108.16,0.589,0.44475,0,1,29,0,0,0,0,0,0,1,26,0,0,0,0,0,0,4056196,4056196,0,0,0.784593484552584
251,1,1,1,0,"EU - Georgia",2014,2014,"Developed-Developing",1,1,29,1,0,0,0,0,0,0,0,0,0,0,0,0,0,0,0,0,0,0,0,0,0,0,0,0,0,0,0,0,0,0,0,0,0,0,0,0,0,0,0,0,0,0,0,0,0,0,0,0,0,0,0,0,0,0,0,0,0,0,0,0,0,0,0,0,0,0,0,0,0,0,0,0,0,0,0,0,0,0,0,0,0,0,1,0,0,0,0,0,0,0,0,0,0,0,0,0,0,0,0,0,0,0,0,0,0,0,0,0,0,0,0,1766527.42,0.410101397685587,4307538.16,0.589,0.44908,0,1,28,0,0,0,0,0,0,1,26,0,0,1,1,0,0,4056196,4056196,1,0,0.670315412022469
252,0,0,0,0,"Iceland - China",2013,2014,"Developed-Developing",0,0,2,0,0,0,1,0,0,0,0,0,0,0,0,0,0,0,0,0,0,0,0,0,0,0,0,0,0,0,0,0,0,0,0,0,0,0,0,0,0,0,0,0,0,0,0,0,0,0,0,0,0,0,0,0,0,0,0,0,0,0,0,0,0,0,0,0,0,0,0,0,0,0,0,0,0,0,0,0,0,0,0,0,0,0,0,0,0,0,0,1,0,0,0,0,0,0,0,0,0,0,0,0,0,0,0,0,0,0,0,0,0,1,0,1890242.38,0.198451685310684,9524950,0.839,0.839,1,1,2,0,0,0,0,0,0,0,0,1,1,0,0,0,0,4056196,4052169,1,0,0.438317600708053
253,0,0,0,0,"Hong Kong, China - Chile",2012,2014,"Developed-Developed",0,0,2,0,0,0,0,0,0,0,0,0,0,0,0,0,0,0,0,0,0,0,0,0,0,0,0,0,0,0,0,0,0,0,0,1,0,0,0,0,0,0,0,0,0,0,0,0,0,0,0,0,0,0,0,0,0,0,0,0,0,0,0,0,0,0,0,0,0,0,0,0,0,0,0,0,0,0,0,0,0,0,0,0,0,0,0,0,0,0,0,0,0,1,0,0,0,0,0,0,0,0,0,0,0,0,0,0,0,0,0,0,0,1,0,206397.26,0.277198831021969,744582,0.57,0.57,1,1,1,0,0,0,0,1,1,0,0,0,0,0,0,0,0,4056196,4048144,0,0,0.206782265910814
254,1,0,0,0,"EFTA - Central America (Costa Rica and Panama)",2014,2014,"Developed-Developing",1,0,6,0,1,1,1,1,0,1,0,0,0,0,0,0,0,0,0,0,0,0,0,0,0,0,0,0,0,0,0,0,0,0,0,0,0,0,0,0,0,0,0,0,0,0,0,0,0,0,0,0,0,0,0,0,0,0,0,0,0,0,0,0,0,0,0,0,0,0,0,0,0,0,0,0,0,0,0,0,0,0,0,0,0,0,0,0,0,0,0,0,0,0,0,0,1,0,0,0,0,0,0,0,0,0,0,0,0,0,0,0,0,1,0,245120.73,0.388723885070523,630578,0.82,0.60175,2,1,6,0,0,0,0,1,2,1,2,0,0,0,0,0,0,4056196,4056196,1,0,0.596088921686627
256,1,0,0,0,"Korea, Republic of - Australia",2014,2014,"Developed-Developed",1,0,2,0,0,0,0,0,0,0,0,0,0,0,0,0,0,1,0,0,0,1,0,0,0,0,0,0,0,0,0,0,0,0,0,0,0,0,0,0,0,0,0,0,0,0,0,0,0,0,0,0,0,0,0,0,0,0,0,0,0,0,0,0,0,0,0,0,0,0,0,0,0,0,0,0,0,0,0,0,0,0,0,0,0,0,0,0,0,0,0,0,0,0,0,0,0,0,0,0,0,0,0,0,0,0,0,0,0,0,0,0,0,1,0,716886,0.0921594187248353,7778760,0.853,0.638,1,1,2,0,0,0,0,0,0,0,0,1,1,0,0,1,1,4056196,4056196,0,0,0.533155223530871
261,0,1,0,0,"Canada - Honduras",2014,2014,"Developed-Developing",1,0,2,0,0,0,0,0,0,0,1,0,0,0,0,0,0,0,0,0,0,0,0,0,0,0,0,0,0,0,0,0,0,0,0,0,0,0,0,0,0,0,0,0,0,0,0,0,0,0,0,1,0,0,0,0,0,0,0,0,0,0,0,0,0,0,0,0,0,0,0,0,0,0,0,0,0,0,0,0,0,0,0,0,0,0,0,0,0,0,0,0,0,0,0,0,0,0,0,0,0,0,0,0,0,0,0,0,0,0,0,0,0,1,0,4780025.94,0.526580718437276,9077480,0.653,0.476,1,1,2,0,0,1,1,1,1,0,0,0,0,0,0,0,0,4056196,4056196,1,0,0.820624655507225
262,0,0,0,0,"Chile - Viet Nam",2011,2014,"Developed-Developing",0,0,2,0,0,0,0,0,0,0,0,0,0,0,0,0,0,0,0,0,0,0,0,0,0,0,0,0,0,0,0,0,0,0,0,1,0,0,0,0,0,0,0,0,1,0,0,0,0,0,0,0,0,0,0,0,0,0,0,0,0,0,0,0,0,0,0,0,0,0,0,0,0,0,0,0,0,0,0,0,0,0,0,0,0,0,0,0,0,0,0,0,0,0,0,0,0,0,0,0,0,0,0,0,0,0,0,0,0,0,0,0,0,1,0,387859.28,0.367781359995145,1054592,0.682,0.626,2,1,2,0,0,0,0,1,1,0,0,1,1,0,0,0,0,4056196,4044121,1,0,0.398619155514217
263,0,0,0,0,"Gulf Cooperation Council (GCC) - Singapore",2013,2013,"Developed-Developed",0,0,7,0,0,0,0,0,0,0,0,0,0,0,0,0,0,0,0,0,0,0,0,0,0,0,0,0,0,0,0,0,0,0,0,0,0,0,0,0,0,0,0,0,0,0,0,1,0,0,0,0,0,0,0,0,0,0,0,0,0,0,0,0,0,0,0,0,0,0,0,0,0,0,0,0,0,0,0,0,0,0,0,0,0,0,0,0,0,0,0,0,0,0,0,0,0,0,0,1,1,1,0,0,0,0,0,0,0,0,0,0,0,1,0,12.28,4.79496450632951e-06,2561020,0.392,0.375,2,1,1,0,0,0,0,0,0,0,0,0,0,1,2,0,0,4052169,4052169,0,0,0.0281646677037673
265,0,0,0,0,"Mauritius - Pakistan",2007,2007,"Developing-Developing",0,0,2,0,0,0,0,0,0,0,0,0,0,0,0,0,0,0,0,0,0,0,0,0,0,0,0,0,0,0,0,0,0,0,0,0,0,0,0,0,1,0,0,0,0,0,0,0,0,0,0,0,0,0,0,0,0,0,1,0,0,0,0,0,0,0,0,0,0,0,0,0,0,0,0,0,0,0,0,0,0,0,0,0,0,0,0,0,0,0,0,0,0,0,0,0,0,0,0,0,0,0,0,0,0,0,0,0,0,0,0,0,0,1,0,16299.49,0.0210884708439534,772910,0.495,0.495,1,1,1,0,0,0,0,0,0,0,0,0,0,1,1,0,0,4028049,4028049,0,1,0.0156243458461005
269,0,0,0,0,"Agadir Agreement",2004,2007,"Developing-Developing",0,0,4,0,0,0,0,0,0,0,0,0,0,0,0,0,0,0,0,0,0,0,0,0,0,0,0,0,0,0,0,0,0,0,0,0,0,0,0,0,0,0,0,0,0,0,0,0,0,0,0,0,1,0,0,0,0,0,0,0,0,0,0,0,0,0,1,0,0,0,0,0,0,0,0,0,0,0,0,0,0,1,0,0,0,0,0,1,0,0,0,0,0,0,0,0,0,0,0,0,0,0,0,0,0,0,0,0,0,0,0,0,0,1,0,23553.83,0.0139756311745335,1685350,0.468,0.41525,1,1,1,1,3,0,0,0,0,0,0,0,0,1,1,0,0,4028049,4016016,0,1,0.00791857825043315
275,0,0,0,0,"South Asian FTA (SAFTA) - Accession of Afghanistan",2008,2011,"Developing-Developing",0,0,8,0,0,0,0,0,0,0,0,0,0,0,0,0,0,0,1,1,1,0,0,0,0,0,0,0,0,0,0,0,0,0,0,0,0,0,0,0,1,0,0,0,0,0,0,0,0,0,0,0,0,0,0,0,0,0,0,0,0,1,1,1,0,0,0,0,0,0,0,0,0,0,0,0,0,0,0,0,0,0,0,0,0,0,0,0,0,0,0,0,0,0,0,0,0,0,0,0,0,0,0,0,0,0,0,0,0,0,0,1,0,1,0,663340.79,0.138988522051783,4772630,0.732,0.589857142857143,4,0,0,0,0,0,0,0,0,0,0,0,0,1,7,0,0,4044121,4032064,0,1,0.00814249860775275
279,0,0,0,0,"ASEAN - Korea, Republic of",2006,2010,"Developed-Developing",0,0,11,0,0,0,0,0,0,0,0,0,0,0,0,0,1,1,0,0,0,0,0,0,0,0,0,0,0,0,0,0,0,0,0,0,0,0,0,0,0,1,0,0,1,1,1,1,1,1,1,0,0,0,0,0,0,0,0,0,0,0,0,0,0,0,0,0,0,0,0,0,0,0,0,0,0,0,0,0,0,0,0,0,0,0,0,0,0,0,0,0,0,0,0,0,0,0,0,0,0,0,0,0,0,0,0,0,0,0,0,0,0,1,0,3361449.24,0.748744275745197,4489449,1,0.6958,9,1,10,0,0,0,0,0,0,0,0,1,10,0,0,0,0,4040100,4024036,1,0,0.454041225039997
280,0,0,0,0,"Korea, Republic of - India",2009,2010,"Developed-Developing",0,0,2,0,0,0,0,0,0,0,0,0,0,0,0,0,0,1,1,0,0,0,0,0,0,0,0,0,0,0,0,0,0,0,0,0,0,0,0,0,0,0,0,0,0,0,0,0,0,0,0,0,0,0,0,0,0,0,0,0,0,0,0,0,0,0,0,0,0,0,0,0,0,0,0,0,0,0,0,0,0,0,0,0,0,0,0,0,0,0,0,0,0,0,0,0,0,0,0,0,0,0,0,0,0,0,0,0,0,0,0,0,0,1,0,548685.22,0.178745205479452,3069650,0.732,0.5775,1,0,0,0,0,0,0,0,0,0,0,1,1,1,1,0,0,4040100,4036081,1,0,0.213875510431588
